"design","prep.bl.use.prop.0","prep.mean.days.usage.0","art.init.lag.mean","non.testers.prop.0","tests.per.year.0","transmission.probability.insertive.infected","transmission.probability.receptive.infected","seroconcordant.main.condom.prob","serodiscordant.main.condom.prob","seroconcordant.casual.condom.prob","serodiscordant.casual.condom.prob","prop.steady.sex.acts","prop.casual.sex.acts","incarceration.prob","incarceration.with.cji.prob","jail.serving.time.mean","network.retention.multiplier","post.release.interference.period.mean","substance.use.condom.prob.multiplier","external.infections.per.person.day.min","external.infections.per.person.day.max","avg_incidence_10yr","avg_prevalence_10yr","avg_incidence_5yr","avg_prevalence_5yr"
1,0.34,300,270,0.14,3.3,0.0009302428,0.0003789091,0.428,0.53,0.318,0.641,0.273,0.091,7.3060942e-05,0.0007148842,91,0.2,97,0.36,6.547945207e-06,2.8536986301e-05,2.31834069348859,18.6317164383562,2.28385814901676,18.4423979908676
2,0.34,300,270,0.14,3.3,0.0009302428,0.0003789091,0.428,0.53,0.318,0.641,0.273,0.091,7.3060942e-05,0.000620577,91,0.2,97,0.36,6.547945207e-06,2.8536986301e-05,2.36212676752852,18.8422999086758,2.32738937505075,18.6431669406393
3,0.34,300,270,0.14,4,0.0009302428,0.0003789091,0.428,0.53,0.318,0.641,0.273,0.091,7.3060942e-05,0.000620577,91,0.2,97,0.36,6.547945207e-06,2.8536986301e-05,2.2957983253848,18.375342283105,2.28378855276958,18.1066527853881
4,0.34,300,270,0.14,4,0.0009302428,0.0003789091,0.428,0.64,0.318,0.641,0.273,0.091,7.3060942e-05,0.000620577,91,0.2,97,0.36,6.547945207e-06,2.8536986301e-05,2.28205553760326,18.2774614611872,2.27054675059999,18.1304913242009
5,0.34,300,270,0.14,4,0.0009302428,0.0003789091,0.428,0.64,0.318,0.641,0.273,0.091,4.9996354e-05,0.000620577,91,0.2,97,0.36,6.547945207e-06,2.8536986301e-05,2.29641565737987,18.4172474885845,2.24709687285751,18.1672752511416
6,0.34,300,270,0.14,4,0.0009302428,0.0003789091,0.428,0.64,0.318,0.641,0.273,0.091,4.9996354e-05,0.000620577,91,0.2,97,0.36,5.945205481e-06,2.8536986301e-05,2.26424901670763,18.3161452054795,2.21253563256845,18.0376672146119
7,0.34,300,270,0.14,4,0.0009302428,0.0003789091,0.428,0.64,0.318,0.641,0.273,0.091,4.9996354e-05,0.000620577,91,0.36,97,0.36,5.945205481e-06,2.8536986301e-05,2.31781804107194,18.4403295890411,2.30423431674326,18.2553110502283
8,0.34,396,270,0.14,4,0.0009302428,0.0003789091,0.428,0.64,0.318,0.641,0.273,0.091,4.9996354e-05,0.000620577,91,0.36,97,0.36,5.945205481e-06,2.8536986301e-05,2.28436697246135,18.4540319634703,2.24712136999608,18.2022966210046
9,0.34,396,270,0.14,4,0.0009302428,0.0003789091,0.428,0.64,0.436,0.641,0.273,0.091,4.9996354e-05,0.000620577,91,0.36,97,0.36,5.945205481e-06,2.8536986301e-05,2.34650717082591,18.7209599086758,2.32270954341613,18.5325066666667
10,0.34,396,270,0.14,4,0.0009302428,0.0003789091,0.428,0.64,0.436,0.641,0.273,0.091,4.9996354e-05,0.000620577,91,0.36,97,0.52,5.945205481e-06,2.8536986301e-05,2.29589470553604,18.4078174429224,2.26176248834756,18.2297342465753
11,0.34,396,270,0.14,4,0.0009302428,0.0003789091,0.428,0.64,0.436,0.641,0.239,0.091,4.9996354e-05,0.000620577,91,0.36,97,0.52,5.945205481e-06,2.8536986301e-05,2.08824826215689,17.3649429223744,2.05746865316281,16.9927821004566
12,0.28,396,270,0.14,4,0.0009302428,0.0003789091,0.428,0.64,0.436,0.641,0.239,0.091,4.9996354e-05,0.000620577,91,0.36,97,0.52,5.945205481e-06,2.8536986301e-05,2.25544970565865,18.2332653881279,2.22985534335658,18.0470849315068
13,0.28,396,270,0.12,4,0.0009302428,0.0003789091,0.428,0.64,0.436,0.641,0.239,0.091,4.9996354e-05,0.000620577,91,0.36,97,0.52,5.945205481e-06,2.8536986301e-05,2.24734737173596,18.1651300456621,2.22940855853801,17.952139543379
14,0.28,396,217.4,0.12,4,0.0009302428,0.0003789091,0.428,0.64,0.436,0.641,0.239,0.091,4.9996354e-05,0.000620577,91,0.36,97,0.52,5.945205481e-06,2.8536986301e-05,2.17212760515727,17.8650446575342,2.12072611965023,17.6078694063927
15,0.28,396,217.4,0.12,4,0.0008174216,0.0003789091,0.428,0.64,0.436,0.641,0.239,0.091,4.9996354e-05,0.000620577,91,0.36,97,0.52,5.945205481e-06,2.8536986301e-05,1.95950392284571,16.2997083105023,1.9346840219516,16.0745642009132
16,0.28,396,217.4,0.12,4,0.0008174216,0.0003789091,0.428,0.64,0.436,0.641,0.239,0.091,4.9996354e-05,0.000620577,91,0.36,97,0.52,5.945205481e-06,2.5643835615e-05,1.82130396515329,15.5964855707763,1.78168067526916,15.2132356164384
17,0.28,396,217.4,0.12,4,0.0008174216,0.0003065333,0.428,0.64,0.436,0.641,0.239,0.091,4.9996354e-05,0.000620577,91,0.36,97,0.52,5.945205481e-06,2.5643835615e-05,1.75066532388471,15.0224223744292,1.7306171884077,14.6076416438356
18,0.28,396,217.4,0.12,4,0.0008174216,0.0003065333,0.428,0.64,0.436,0.641,0.239,0.091,4.9996354e-05,0.000620577,91,0.36,164,0.52,5.945205481e-06,2.5643835615e-05,1.78174947016593,15.3518465753425,1.75978514153583,14.929756347032
19,0.28,396,217.4,0.12,4,0.0008174216,0.0003065333,0.428,0.64,0.436,0.641,0.239,0.091,4.9996354e-05,0.000620577,126.6,0.36,164,0.52,5.945205481e-06,2.5643835615e-05,1.76752370650984,15.2196126940639,1.73932702835002,14.839680913242
20,0.28,396,217.4,0.12,4,0.0008174216,0.0003065333,0.32,0.64,0.436,0.641,0.239,0.091,4.9996354e-05,0.000620577,126.6,0.36,164,0.52,5.945205481e-06,2.5643835615e-05,1.76945147671841,15.213103652968,1.74372081216509,14.8695488584475
21,0.28,396,217.4,0.12,4,0.0008174216,0.0003065333,0.32,0.64,0.436,0.641,0.239,0.077,4.9996354e-05,0.000620577,126.6,0.36,164,0.52,5.945205481e-06,2.5643835615e-05,1.63583468817664,14.3754061187215,1.59025342712635,13.9727532420091
22,0.28,396,217.4,0.12,4,0.0008174216,0.0003065333,0.32,0.64,0.436,0.515,0.239,0.077,4.9996354e-05,0.000620577,126.6,0.36,164,0.52,5.945205481e-06,2.5643835615e-05,1.67436076507691,14.5736857534247,1.66190551851376,14.1977905022831
23,0.37,348,164.8,0.12,1.9,0.0008738322,0.0003789091,0.158,0.31,0.436,0.2,0.239,0.105,9.612553e-05,0.000856345,73.2,0.2,164,0.76,5.041095892e-06,2.7090410958e-05,2.24569684982366,18.1790054794521,2.21850267181467,17.9625393607306
24,0.37,348,164.8,0.12,1.9,0.0008738322,0.0003789091,0.158,0.31,0.436,0.2,0.205,0.105,9.612553e-05,0.000856345,73.2,0.2,164,0.76,5.041095892e-06,2.7090410958e-05,2.10425187596875,17.3659713242009,2.06780630145226,17.0950383561644
25,0.37,348,164.8,0.12,1.9,0.0008738322,0.0003789091,0.158,0.31,0.436,0.2,0.205,0.105,9.612553e-05,0.000856345,108.8,0.2,164,0.76,5.041095892e-06,2.7090410958e-05,2.04695374900726,16.8751198173516,2.03238333337439,16.6309298630137
26,0.31,348,164.8,0.12,1.9,0.0008738322,0.0003789091,0.158,0.31,0.436,0.2,0.205,0.105,9.612553e-05,0.000856345,108.8,0.2,164,0.76,5.041095892e-06,2.7090410958e-05,2.2159110731342,17.9607113242009,2.20158671454591,17.7789561643836
27,0.31,348,164.8,0.12,1.9,0.0008738322,0.0003789091,0.158,0.31,0.436,0.2,0.205,0.119,9.612553e-05,0.000856345,108.8,0.2,164,0.76,5.041095892e-06,2.7090410958e-05,2.43030784085084,19.3585146118721,2.38618293035034,19.2046591780822
28,0.31,348,164.8,0.12,1.9,0.000761011,0.0003789091,0.158,0.31,0.436,0.2,0.205,0.119,9.612553e-05,0.000856345,108.8,0.2,164,0.76,5.041095892e-06,2.7090410958e-05,2.09191085928882,17.2986634703196,2.07026645651591,17.0317956164384
29,0.31,348,164.8,0.12,1.9,0.000761011,0.0003789091,0.158,0.31,0.436,0.2,0.205,0.119,9.612553e-05,0.000856345,108.8,0.2,164,0.6,5.041095892e-06,2.7090410958e-05,2.09158604158301,17.2270258447489,2.076128218387,16.9689378995434
30,0.31,348,164.8,0.12,1.9,0.000761011,0.0003789091,0.158,0.42,0.436,0.2,0.205,0.119,9.612553e-05,0.000856345,108.8,0.2,164,0.6,5.041095892e-06,2.7090410958e-05,2.03501327544791,16.9546869406393,2.01054372007358,16.6324502283105
31,0.31,348,164.8,0.12,1.9,0.000761011,0.0003065333,0.158,0.42,0.436,0.2,0.205,0.119,9.612553e-05,0.000856345,108.8,0.2,164,0.6,5.041095892e-06,2.7090410958e-05,1.94873106967658,16.3704710502283,1.91852436312664,16.0774465753425
32,0.31,348,164.8,0.12,1.9,0.000761011,0.0003065333,0.158,0.42,0.436,0.2,0.205,0.119,7.3060942e-05,0.000856345,108.8,0.2,164,0.6,5.041095892e-06,2.7090410958e-05,1.98716663628467,16.6713853881279,1.9517361815685,16.3417072146119
33,0.31,348,217.4,0.12,1.9,0.000761011,0.0003065333,0.158,0.42,0.436,0.2,0.205,0.119,7.3060942e-05,0.000856345,108.8,0.2,164,0.6,5.041095892e-06,2.7090410958e-05,2.00508048235959,16.6981522374429,1.98390951698891,16.4236938812785
34,0.31,348,217.4,0.12,1.9,0.000761011,0.0003065333,0.158,0.42,0.436,0.2,0.205,0.119,7.3060942e-05,0.000856345,108.8,0.36,164,0.6,5.041095892e-06,2.7090410958e-05,2.0606701692385,16.9626685844749,2.02491622861218,16.7465722374429
35,0.31,252,217.4,0.12,1.9,0.000761011,0.0003065333,0.158,0.42,0.436,0.2,0.205,0.119,7.3060942e-05,0.000856345,108.8,0.36,164,0.6,5.041095892e-06,2.7090410958e-05,2.02853099066148,16.8795484018265,2.01419141167389,16.5969251141553
36,0.31,252,217.4,0.12,1.9,0.000761011,0.0003065333,0.158,0.42,0.436,0.2,0.205,0.119,7.3060942e-05,0.000856345,108.8,0.36,97,0.6,5.041095892e-06,2.7090410958e-05,1.96962871043635,16.5636906849315,1.92665989152421,16.2142789041096
37,0.31,252,217.4,0.14,1.9,0.000761011,0.0003065333,0.158,0.42,0.436,0.2,0.205,0.119,7.3060942e-05,0.000856345,108.8,0.36,97,0.6,5.041095892e-06,2.7090410958e-05,2.01238603758356,16.6125555251142,2.0044677464679,16.3809231050228
38,0.31,252,217.4,0.14,1.9,0.000761011,0.0003065333,0.158,0.42,0.436,0.2,0.205,0.119,7.3060942e-05,0.000856345,108.8,0.36,97,0.6,5.041095892e-06,2.9983561644e-05,2.10625152407488,17.3756112328767,2.08477608692837,17.1367771689498
39,0.31,252,217.4,0.14,2.6,0.000761011,0.0003065333,0.158,0.42,0.436,0.2,0.205,0.119,7.3060942e-05,0.000856345,108.8,0.36,97,0.6,5.041095892e-06,2.9983561644e-05,2.07562603540181,17.1771394520548,2.03466535464718,16.8786189954338
40,0.31,252,217.4,0.14,2.6,0.000761011,0.0003065333,0.158,0.42,0.318,0.2,0.205,0.119,7.3060942e-05,0.000856345,108.8,0.36,97,0.6,5.041095892e-06,2.9983561644e-05,2.08152166448402,17.2520621917808,2.05965713056175,17.0177632876712
41,0.31,252,217.4,0.14,2.6,0.000761011,0.0003065333,0.158,0.42,0.318,0.326,0.205,0.119,7.3060942e-05,0.000856345,108.8,0.36,97,0.6,5.041095892e-06,2.9983561644e-05,2.03030365340451,16.8475695890411,2.00694273330654,16.5982069406393
42,0.31,252,217.4,0.14,2.6,0.000761011,0.0003065333,0.158,0.42,0.318,0.326,0.205,0.119,7.3060942e-05,0.000856345,108.8,0.36,97,0.6,4.438356166e-06,2.9983561644e-05,2.02677805270639,16.8152957990868,2.00559572198834,16.5941183561644
43,0.31,252,217.4,0.14,2.6,0.000761011,0.0003065333,0.158,0.42,0.318,0.326,0.205,0.119,7.3060942e-05,0.0007620378,108.8,0.36,97,0.6,4.438356166e-06,2.9983561644e-05,2.02093779755121,16.8559456621005,2.00497985146983,16.6196074885845
44,0.31,252,217.4,0.14,2.6,0.000761011,0.0003065333,0.05,0.42,0.318,0.326,0.205,0.119,7.3060942e-05,0.0007620378,108.8,0.36,97,0.6,4.438356166e-06,2.9983561644e-05,2.03244765281373,16.8664260273973,2.02323730126558,16.5608878538813
45,0.16,492,270,0.06,3.65,0.000761011,0.0001979696,0.482,0.42,0.554,0.578,0.205,0.105,7.3060942e-05,0.0004791162,73.2,0.92,298,0.76,3.83561644e-06,2.5643835615e-05,1.85755631332392,15.6880906849315,1.83970417296672,15.3344655707763
46,0.16,492,270,0.06,3.65,0.000761011,0.0001979696,0.482,0.42,0.554,0.578,0.205,0.105,7.3060942e-05,0.0004791162,73.2,0.92,298,0.76,3.83561644e-06,2.2750684929e-05,1.76175259855244,15.1151144292237,1.73864885848754,14.7502984474886
47,0.16,492,270,0.06,3.65,0.000761011,0.0001979696,0.482,0.42,0.554,0.578,0.205,0.105,7.3060942e-05,0.0004791162,37.6,0.92,298,0.76,3.83561644e-06,2.2750684929e-05,1.79378026626761,15.1427924200913,1.77987480954352,14.7919103196347
48,0.16,492,270,0.06,3.65,0.000761011,0.0001979696,0.482,0.42,0.554,0.578,0.205,0.105,7.3060942e-05,0.0004791162,37.6,0.92,298,0.6,3.83561644e-06,2.2750684929e-05,1.78140150782595,15.224403652968,1.7531397371597,14.8446973515982
49,0.16,492,270,0.08,3.65,0.000761011,0.0001979696,0.482,0.42,0.554,0.578,0.205,0.105,7.3060942e-05,0.0004791162,37.6,0.92,298,0.6,3.83561644e-06,2.2750684929e-05,1.83900224924223,15.4779454794521,1.81142004566074,15.1337897716895
50,0.16,396,270,0.08,3.65,0.000761011,0.0001979696,0.482,0.42,0.554,0.578,0.205,0.105,7.3060942e-05,0.0004791162,37.6,0.92,298,0.6,3.83561644e-06,2.2750684929e-05,1.81785419536177,15.4630979908676,1.77622530967963,15.0801384474886
51,0.16,396,270,0.08,3.65,0.000761011,0.0001979696,0.482,0.42,0.554,0.578,0.205,0.105,7.3060942e-05,0.0004791162,37.6,0.92,298,0.6,4.438356166e-06,2.2750684929e-05,1.86113222630563,15.5056224657534,1.85226238436461,15.20487543379
52,0.22,396,270,0.08,3.65,0.000761011,0.0001979696,0.482,0.42,0.554,0.578,0.205,0.105,7.3060942e-05,0.0004791162,37.6,0.92,298,0.6,4.438356166e-06,2.2750684929e-05,1.78164415846461,15.1149033789954,1.73905937653831,14.7282978995434
53,0.22,396,270,0.08,3.65,0.000761011,0.0001979696,0.482,0.42,0.554,0.578,0.239,0.105,7.3060942e-05,0.0004791162,37.6,0.92,298,0.6,4.438356166e-06,2.2750684929e-05,1.90156882532829,15.9240737899543,1.87183249138146,15.5548571689498
54,0.22,396,270,0.08,3.65,0.000761011,0.0002703454,0.482,0.42,0.554,0.578,0.239,0.105,7.3060942e-05,0.0004791162,37.6,0.92,298,0.6,4.438356166e-06,2.2750684929e-05,2.02540536639901,16.6132528767123,2.00712747001883,16.3031899543379
55,0.22,396,270,0.08,3.65,0.000761011,0.0002703454,0.482,0.53,0.554,0.578,0.239,0.105,7.3060942e-05,0.0004791162,37.6,0.92,298,0.6,4.438356166e-06,2.2750684929e-05,1.98548068969643,16.321259086758,1.94872722780965,16.0023651141552
56,0.22,396,270,0.08,3.65,0.000761011,0.0002703454,0.482,0.53,0.672,0.578,0.239,0.105,7.3060942e-05,0.0004791162,37.6,0.92,298,0.6,4.438356166e-06,2.2750684929e-05,1.98054708307815,16.3115463926941,1.94930297532148,16.0561727853881
57,0.22,396,270,0.08,3.65,0.000761011,0.0002703454,0.482,0.53,0.672,0.452,0.239,0.105,7.3060942e-05,0.0004791162,37.6,0.92,298,0.6,4.438356166e-06,2.2750684929e-05,1.99728145285719,16.6352924200913,1.96928877433372,16.2678642922374
58,0.22,396,270,0.08,3.65,0.000761011,0.0002703454,0.482,0.53,0.672,0.452,0.239,0.105,7.3060942e-05,0.0004791162,37.6,0.76,298,0.6,4.438356166e-06,2.2750684929e-05,1.99673740985211,16.5111421004566,1.96156644185957,16.1843870319635
59,0.22,396,270,0.08,3.65,0.000761011,0.0002703454,0.482,0.53,0.672,0.452,0.239,0.105,4.9996354e-05,0.0004791162,37.6,0.76,298,0.6,4.438356166e-06,2.2750684929e-05,1.9722681975765,16.3363025570776,1.94497257585166,16.0637052054795
60,0.22,396,217.4,0.08,3.65,0.000761011,0.0002703454,0.482,0.53,0.672,0.452,0.239,0.105,4.9996354e-05,0.0004791162,37.6,0.76,298,0.6,4.438356166e-06,2.2750684929e-05,1.94215411241342,16.2800892237443,1.91216244327531,15.9244043835616
61,0.22,396,217.4,0.08,3.65,0.000761011,0.0002703454,0.482,0.53,0.672,0.452,0.239,0.105,4.9996354e-05,0.000384809,37.6,0.76,298,0.6,4.438356166e-06,2.2750684929e-05,1.935650265668,16.2763989041096,1.9109842215911,15.9646646575342
62,0.22,396,217.4,0.08,3.65,0.000761011,0.0002703454,0.59,0.53,0.672,0.452,0.239,0.105,4.9996354e-05,0.000384809,37.6,0.76,298,0.6,4.438356166e-06,2.2750684929e-05,1.95448590718618,16.3642525114155,1.92770992787907,16.0211282191781
63,0.22,396,217.4,0.08,3.65,0.000761011,0.0002703454,0.59,0.53,0.672,0.452,0.239,0.091,4.9996354e-05,0.000384809,37.6,0.76,298,0.6,4.438356166e-06,2.2750684929e-05,1.77188503630714,15.1856376255708,1.74418465872265,14.7586040182648
64,0.22,396,217.4,0.08,3.65,0.000761011,0.0002703454,0.59,0.53,0.672,0.452,0.239,0.091,4.9996354e-05,0.000384809,37.6,0.76,365,0.6,4.438356166e-06,2.2750684929e-05,1.76921183769133,15.1401964383562,1.73317786079064,14.7015528767123
65,0.22,396,217.4,0.08,3.65,0.0006481898,0.0002703454,0.59,0.53,0.672,0.452,0.239,0.091,4.9996354e-05,0.000384809,37.6,0.76,365,0.6,4.438356166e-06,2.2750684929e-05,1.50970542224364,13.401981826484,1.49268553528782,12.9198885844749
66,0.22,396,217.4,0.08,2.95,0.0006481898,0.0002703454,0.59,0.53,0.672,0.452,0.239,0.091,4.9996354e-05,0.000384809,37.6,0.76,365,0.6,4.438356166e-06,2.2750684929e-05,1.50984241338036,13.6130115981735,1.4506890544874,13.0729910502283
67,0.4,540,270,0.12,2.25,0.000761011,0.0001979696,0.158,0.64,0.79,0.704,0.29,0.112,0.000107657824,0.000620577,91,0.76,30,0.28,3.83561644e-06,2.1304109586e-05,1.53220129490367,14.0267643835616,1.48080752528877,13.4296429223744
68,0.4,540,270,0.12,2.25,0.000761011,0.0001979696,0.158,0.64,0.79,0.704,0.29,0.112,0.000107657824,0.000620577,91,0.76,30,0.28,3.83561644e-06,1.84109589e-05,1.40433524631146,13.0600737899543,1.35697889560588,12.3821799086758
69,0.4,540,270,0.12,2.25,0.0006481898,0.0001979696,0.158,0.64,0.79,0.704,0.29,0.112,0.000107657824,0.000620577,91,0.76,30,0.28,3.83561644e-06,1.84109589e-05,1.2029334223761,11.5643548858448,1.16683327541367,10.9148255707763
70,0.4,540,270,0.12,2.25,0.0006481898,0.0001979696,0.158,0.64,0.79,0.704,0.29,0.112,0.000107657824,0.000620577,91,0.76,97,0.28,3.83561644e-06,1.84109589e-05,1.25910470430739,11.9282951598173,1.24119532408139,11.2621610958904
71,0.4,540,270,0.12,2.25,0.0006481898,0.0001979696,0.158,0.64,0.79,0.704,0.29,0.112,0.000107657824,0.000620577,55.4,0.76,97,0.28,3.83561644e-06,1.84109589e-05,1.24727917839235,11.9431342465753,1.20894547733921,11.2552429223744
72,0.4,444,270,0.12,2.25,0.0006481898,0.0001979696,0.158,0.64,0.79,0.704,0.29,0.112,0.000107657824,0.000620577,55.4,0.76,97,0.28,3.83561644e-06,1.84109589e-05,1.27012211330586,11.9534930593607,1.22670295576359,11.3146549771689
73,0.4,444,270,0.12,2.25,0.0006481898,0.0001979696,0.266,0.64,0.79,0.704,0.29,0.112,0.000107657824,0.000620577,55.4,0.76,97,0.28,3.83561644e-06,1.84109589e-05,1.23894185094789,11.8189526027397,1.19407800723492,11.1129638356164
74,0.4,444,270,0.12,2.25,0.0006481898,0.0001979696,0.266,0.64,0.79,0.704,0.29,0.112,0.000130722412,0.000620577,55.4,0.76,97,0.28,3.83561644e-06,1.84109589e-05,1.26120994092555,11.9811547945205,1.211972983748,11.2858787214612
75,0.4,444,270,0.12,2.25,0.0006481898,0.0001979696,0.266,0.64,0.79,0.704,0.29,0.112,0.000130722412,0.0005262698,55.4,0.76,97,0.28,3.83561644e-06,1.84109589e-05,1.26155486915583,11.8630456621005,1.23103484877856,11.2932571689498
76,0.4,444,270,0.1,2.25,0.0006481898,0.0001979696,0.266,0.64,0.79,0.704,0.29,0.112,0.000130722412,0.0005262698,55.4,0.76,97,0.28,3.83561644e-06,1.84109589e-05,1.25116843187287,11.7844727853881,1.21911583583283,11.1571543378995
77,0.4,444,270,0.1,2.25,0.0006481898,0.0001979696,0.266,0.64,0.672,0.704,0.29,0.112,0.000130722412,0.0005262698,55.4,0.76,97,0.28,3.83561644e-06,1.84109589e-05,1.24970111791879,11.891883652968,1.21428089074942,11.2588078538813
78,0.4,444,270,0.1,2.25,0.0006481898,0.0001979696,0.266,0.64,0.672,0.704,0.29,0.112,0.000130722412,0.0005262698,55.4,0.76,97,0.44,3.83561644e-06,1.84109589e-05,1.25336724209328,11.8864146118721,1.21915721995103,11.2767464840183
79,0.4,444,270,0.1,2.95,0.0006481898,0.0001979696,0.266,0.64,0.672,0.704,0.29,0.112,0.000130722412,0.0005262698,55.4,0.76,97,0.44,3.83561644e-06,1.84109589e-05,1.20619959851505,11.6290279452055,1.16578114078627,10.9750253881279
80,0.4,444,270,0.1,2.95,0.0006481898,0.0001979696,0.266,0.64,0.672,0.704,0.256,0.112,0.000130722412,0.0005262698,55.4,0.76,97,0.44,3.83561644e-06,1.84109589e-05,1.12911234195728,11.0642396347032,1.10585282473278,10.3727797260274
81,0.4,444,270,0.1,2.95,0.0006481898,0.0001979696,0.266,0.64,0.672,0.578,0.256,0.112,0.000130722412,0.0005262698,55.4,0.76,97,0.44,3.83561644e-06,1.84109589e-05,1.14757706463236,11.2287300456621,1.11340817425454,10.5524918721461
82,0.4,444,270,0.1,2.95,0.0006481898,0.0001255938,0.266,0.64,0.672,0.578,0.256,0.112,0.000130722412,0.0005262698,55.4,0.76,97,0.44,3.83561644e-06,1.84109589e-05,1.10217043264213,10.7481989954338,1.07618111635814,10.0935941552511
83,0.4,444,270,0.1,2.95,0.0006481898,0.0001255938,0.266,0.64,0.672,0.578,0.256,0.098,0.000130722412,0.0005262698,55.4,0.76,97,0.44,3.83561644e-06,1.84109589e-05,1.03929388114302,10.3646869406393,1.00006427029156,9.67899159817352
84,0.4,444,270,0.1,2.95,0.0006481898,0.0001255938,0.266,0.64,0.672,0.578,0.256,0.098,0.000130722412,0.0005262698,55.4,0.76,97,0.44,4.438356166e-06,1.84109589e-05,1.06506882601954,10.4410219178082,1.04341769564592,9.78429168949772
85,0.34,444,270,0.1,2.95,0.0006481898,0.0001255938,0.266,0.64,0.672,0.578,0.256,0.098,0.000130722412,0.0005262698,55.4,0.76,97,0.44,4.438356166e-06,1.84109589e-05,1.09506772430131,10.8599223744292,1.07027363465861,10.1704978995434
86,0.34,444,270,0.1,2.95,0.0006481898,0.0001255938,0.266,0.64,0.672,0.578,0.256,0.098,0.000130722412,0.0005262698,55.4,0.92,97,0.44,4.438356166e-06,1.84109589e-05,1.12880751491253,10.9960801826484,1.09794835056132,10.3125543378995
87,0.34,444,217.4,0.1,2.95,0.0006481898,0.0001255938,0.266,0.64,0.672,0.578,0.256,0.098,0.000130722412,0.0005262698,55.4,0.92,97,0.44,4.438356166e-06,1.84109589e-05,1.11312859268917,10.8705587214612,1.07584389743866,10.1791954337899
88,0.34,444,217.4,0.1,2.95,0.0006481898,0.0001255938,0.266,0.75,0.672,0.578,0.256,0.098,0.000130722412,0.0005262698,55.4,0.92,97,0.44,4.438356166e-06,1.84109589e-05,1.10424312269372,10.8270197260274,1.07731720545638,10.1608200913242
89,0.22,60,59.6,0.07,1.2,0.0009302428,0.0001617817,0.158,0.64,0.672,0.515,0.205,0.091,8.4593236e-05,0.000620577,144.4,0.2,30,0.84,3.83561644e-06,2.1304109586e-05,1.48601516317336,13.4088094977169,1.4587715712519,12.9070538812785
90,0.22,60,59.6,0.07,1.2,0.0009302428,0.0002341575,0.158,0.64,0.672,0.515,0.205,0.091,8.4593236e-05,0.000620577,144.4,0.2,30,0.84,3.83561644e-06,2.1304109586e-05,1.52114864087174,13.7313792694064,1.49205344540677,13.2513908675799
91,0.22,60,59.6,0.07,1.2,0.0009302428,0.0002341575,0.158,0.64,0.672,0.515,0.205,0.091,8.4593236e-05,0.000620577,144.4,0.2,30,0.84,3.83561644e-06,2.4197260272e-05,1.64143356486547,14.3698571689498,1.62680745542147,13.9733704109589
92,0.22,60,59.6,0.07,1.2,0.0009302428,0.0002341575,0.158,0.64,0.672,0.641,0.205,0.091,8.4593236e-05,0.000620577,144.4,0.2,30,0.84,3.83561644e-06,2.4197260272e-05,1.59289899865764,14.2213908675799,1.56553811083586,13.7619565296804
93,0.22,60,59.6,0.07,1.2,0.0009302428,0.0002341575,0.158,0.64,0.672,0.641,0.205,0.091,8.4593236e-05,0.000620577,144.4,0.2,97,0.84,3.83561644e-06,2.4197260272e-05,1.65895699253929,14.5245806392694,1.62559560101263,14.140145022831
94,0.22,60,59.6,0.07,1.2,0.0009302428,0.0002341575,0.158,0.75,0.672,0.641,0.205,0.091,8.4593236e-05,0.000620577,144.4,0.2,97,0.84,3.83561644e-06,2.4197260272e-05,1.61242933190401,14.3559583561644,1.59530462662852,13.9058688584475
95,0.22,60,59.6,0.05,1.2,0.0009302428,0.0002341575,0.158,0.75,0.672,0.641,0.205,0.091,8.4593236e-05,0.000620577,144.4,0.2,97,0.84,3.83561644e-06,2.4197260272e-05,1.60584479315635,14.2533643835616,1.57271610070093,13.8080621004566
96,0.22,156,59.6,0.05,1.2,0.0009302428,0.0002341575,0.158,0.75,0.672,0.641,0.205,0.091,8.4593236e-05,0.000620577,144.4,0.2,97,0.84,3.83561644e-06,2.4197260272e-05,1.58413363382576,14.1866048401827,1.55225727267616,13.7639505022831
97,0.22,156,59.6,0.05,1.9,0.0009302428,0.0002341575,0.158,0.75,0.672,0.641,0.205,0.091,8.4593236e-05,0.000620577,144.4,0.2,97,0.84,3.83561644e-06,2.4197260272e-05,1.49965427732991,13.6942151598173,1.47317440054961,13.15344
98,0.22,156,59.6,0.05,1.9,0.0009302428,0.0002341575,0.158,0.75,0.672,0.641,0.205,0.077,8.4593236e-05,0.000620577,144.4,0.2,97,0.84,3.83561644e-06,2.4197260272e-05,1.37426799057875,12.8110215525114,1.33258418442334,12.3029024657534
99,0.22,156,59.6,0.05,1.9,0.0009302428,0.0002341575,0.158,0.75,0.672,0.641,0.205,0.077,8.4593236e-05,0.000620577,144.4,0.2,97,0.68,3.83561644e-06,2.4197260272e-05,1.39366835807331,12.8224536073059,1.3704110021961,12.2609879452055
100,0.22,156,59.6,0.05,1.9,0.0009302428,0.0002341575,0.158,0.75,0.672,0.641,0.205,0.077,8.4593236e-05,0.0007148842,144.4,0.2,97,0.68,3.83561644e-06,2.4197260272e-05,1.37525837839236,12.8521511415525,1.34442982693106,12.3141749771689
101,0.22,156,59.6,0.05,1.9,0.0009302428,0.0002341575,0.158,0.75,0.672,0.641,0.205,0.077,8.4593236e-05,0.0007148842,108.8,0.2,97,0.68,3.83561644e-06,2.4197260272e-05,1.38999908036314,12.8354463926941,1.37691691565362,12.3507393607306
102,0.22,156,7,0.05,1.9,0.0009302428,0.0002341575,0.158,0.75,0.672,0.641,0.205,0.077,8.4593236e-05,0.0007148842,108.8,0.2,97,0.68,3.83561644e-06,2.4197260272e-05,1.34606182271225,12.5587739726027,1.3170887190816,12.0067623744292
103,0.22,156,7,0.05,1.9,0.0009302428,0.0002341575,0.158,0.75,0.672,0.641,0.205,0.077,8.4593236e-05,0.0007148842,108.8,0.2,97,0.68,4.438356166e-06,2.4197260272e-05,1.39020939129901,12.8925240182648,1.35338000572466,12.3605028310502
104,0.22,156,7,0.05,1.9,0.0008174216,0.0002341575,0.158,0.75,0.672,0.641,0.205,0.077,8.4593236e-05,0.0007148842,108.8,0.2,97,0.68,4.438356166e-06,2.4197260272e-05,1.23870739682648,11.8971272146119,1.20008493453571,11.3064876712329
105,0.22,156,7,0.05,1.9,0.0008174216,0.0002341575,0.05,0.75,0.672,0.641,0.205,0.077,8.4593236e-05,0.0007148842,108.8,0.2,97,0.68,4.438356166e-06,2.4197260272e-05,1.23305193885563,11.818600913242,1.21206397437353,11.2886286757991
106,0.28,156,7,0.05,1.9,0.0008174216,0.0002341575,0.05,0.75,0.672,0.641,0.205,0.077,8.4593236e-05,0.0007148842,108.8,0.2,97,0.68,4.438356166e-06,2.4197260272e-05,1.1886964707653,11.4272803652968,1.14894276851302,10.8270699543379
107,0.28,156,7,0.05,1.9,0.0008174216,0.0002341575,0.05,0.75,0.672,0.641,0.205,0.077,8.4593236e-05,0.0007148842,108.8,0.36,97,0.68,4.438356166e-06,2.4197260272e-05,1.20491969428206,11.480256347032,1.17467109202666,10.9011028310502
108,0.28,156,7,0.05,1.9,0.0008174216,0.0002341575,0.05,0.75,0.554,0.641,0.205,0.077,8.4593236e-05,0.0007148842,108.8,0.36,97,0.68,4.438356166e-06,2.4197260272e-05,1.20084388109796,11.5610304109589,1.1856329087818,11.0026560730594
109,0.28,156,7,0.05,1.9,0.0008174216,0.0002341575,0.05,0.75,0.554,0.641,0.205,0.077,6.1528648e-05,0.0007148842,108.8,0.36,97,0.68,4.438356166e-06,2.4197260272e-05,1.21077126892974,11.6378825570776,1.18470053758772,11.0972774429224
110,0.28,156,7,0.05,1.9,0.0008174216,0.0002341575,0.05,0.75,0.554,0.641,0.171,0.077,6.1528648e-05,0.0007148842,108.8,0.36,97,0.68,4.438356166e-06,2.4197260272e-05,1.13719520242815,11.0752596347032,1.10901127850055,10.5386624657534
111,0.28,252,138.5,0.13,3.3,0.0005917792,0.0001255938,0.212,0.475,0.672,0.704,0.205,0.084,7.3060942e-05,0.0006677306,91,0.36,298,0.36,5.041095892e-06,2.1304109586e-05,1.03923498207782,10.0594391780822,1.03067874931385,9.5531298630137
112,0.28,252,138.5,0.13,3.3,0.0005917792,0.0001255938,0.212,0.585,0.672,0.704,0.205,0.084,7.3060942e-05,0.0006677306,91,0.36,298,0.36,5.041095892e-06,2.1304109586e-05,1.02928176609265,9.9011599086758,1.02202474813911,9.41157114155251
113,0.28,252,138.5,0.13,3.3,0.0005917792,0.0001255938,0.212,0.585,0.672,0.83,0.205,0.084,7.3060942e-05,0.0006677306,91,0.36,298,0.36,5.041095892e-06,2.1304109586e-05,1.01716172619266,9.90452611872146,0.989771956896018,9.33883232876712
114,0.28,252,138.5,0.13,3.3,0.0005917792,0.0001255938,0.32,0.585,0.672,0.83,0.205,0.084,7.3060942e-05,0.0006677306,91,0.36,298,0.36,5.041095892e-06,2.1304109586e-05,1.01109591920293,9.89203196347032,0.98669620985463,9.32769351598174
115,0.28,252,85.9,0.13,3.3,0.0005917792,0.0001255938,0.32,0.585,0.672,0.83,0.205,0.084,7.3060942e-05,0.0006677306,91,0.36,298,0.36,5.041095892e-06,2.1304109586e-05,1.0098364382915,9.87233671232877,0.998291617236485,9.32354538812785
116,0.22,252,85.9,0.13,3.3,0.0005917792,0.0001255938,0.32,0.585,0.672,0.83,0.205,0.084,7.3060942e-05,0.0006677306,91,0.36,298,0.36,5.041095892e-06,2.1304109586e-05,1.03967023022081,10.0832067579909,1.02083779550007,9.51371214611872
117,0.22,252,85.9,0.13,3.3,0.0005917792,0.0001255938,0.32,0.585,0.672,0.83,0.205,0.084,7.3060942e-05,0.0006677306,55.4,0.36,298,0.36,5.041095892e-06,2.1304109586e-05,1.06664828940991,10.1286944292237,1.05335273543557,9.57733570776256
118,0.22,252,85.9,0.15,3.3,0.0005917792,0.0001255938,0.32,0.585,0.672,0.83,0.205,0.084,7.3060942e-05,0.0006677306,55.4,0.36,298,0.36,5.041095892e-06,2.1304109586e-05,1.05988385444408,10.2340183561644,1.03542405175253,9.64544073059361
119,0.22,252,85.9,0.15,3.3,0.0005917792,0.0001255938,0.32,0.585,0.672,0.83,0.205,0.084,7.3060942e-05,0.0007620378,55.4,0.36,298,0.36,5.041095892e-06,2.1304109586e-05,1.06774280384652,10.3058523287671,1.04235230481601,9.74748511415525
120,0.22,252,85.9,0.15,3.3,0.0005917792,0.0001255938,0.32,0.585,0.672,0.83,0.205,0.098,7.3060942e-05,0.0007620378,55.4,0.36,298,0.36,5.041095892e-06,2.1304109586e-05,1.13762165949894,10.7222326027397,1.10355384890522,10.1947037442922
121,0.22,252,85.9,0.15,3.3,0.0005917792,0.0001255938,0.32,0.585,0.672,0.83,0.239,0.098,7.3060942e-05,0.0007620378,55.4,0.36,298,0.36,5.041095892e-06,2.1304109586e-05,1.23065639139074,11.3674130593607,1.21038118752882,10.8757378995434
122,0.22,252,85.9,0.15,3.3,0.0005917792,0.0001255938,0.32,0.585,0.672,0.83,0.239,0.098,7.3060942e-05,0.0007620378,55.4,0.52,298,0.36,5.041095892e-06,2.1304109586e-05,1.23279497552021,11.4098430136986,1.22043030116266,10.8729326027397
123,0.22,252,85.9,0.15,3.3,0.0005917792,0.0001255938,0.32,0.585,0.672,0.83,0.239,0.098,7.3060942e-05,0.0007620378,55.4,0.52,298,0.2,5.041095892e-06,2.1304109586e-05,1.24079700293339,11.4943356164384,1.2035901659689,10.9463784474886
124,0.22,252,85.9,0.15,2.6,0.0005917792,0.0001255938,0.32,0.585,0.672,0.83,0.239,0.098,7.3060942e-05,0.0007620378,55.4,0.52,298,0.2,5.041095892e-06,2.1304109586e-05,1.26891167436234,11.6338193607306,1.23565500557267,11.14716456621
125,0.22,252,85.9,0.15,2.6,0.0007046004,0.0001255938,0.32,0.585,0.672,0.83,0.239,0.098,7.3060942e-05,0.0007620378,55.4,0.52,298,0.2,5.041095892e-06,2.1304109586e-05,1.48554471158418,13.0570626484018,1.45321292667107,12.586658630137
126,0.22,252,85.9,0.15,2.6,0.0007046004,0.0001255938,0.32,0.585,0.672,0.83,0.239,0.098,7.3060942e-05,0.0007620378,55.4,0.52,298,0.2,5.041095892e-06,2.4197260272e-05,1.58538919575148,13.7413096803653,1.54181847977728,13.3129689497717
127,0.22,156,85.9,0.15,2.6,0.0007046004,0.0001255938,0.32,0.585,0.672,0.83,0.239,0.098,7.3060942e-05,0.0007620378,55.4,0.52,298,0.2,5.041095892e-06,2.4197260272e-05,1.6077510328073,13.7855979908676,1.57915313615737,13.403061369863
128,0.22,156,85.9,0.15,2.6,0.0007046004,0.0001255938,0.32,0.585,0.672,0.83,0.239,0.098,4.9996354e-05,0.0007620378,55.4,0.52,298,0.2,5.041095892e-06,2.4197260272e-05,1.58824451497016,13.6681136986301,1.56952996897974,13.2766726940639
129,0.22,156,85.9,0.15,2.6,0.0007046004,0.0001255938,0.32,0.585,0.672,0.83,0.239,0.098,4.9996354e-05,0.0007620378,55.4,0.52,231,0.2,5.041095892e-06,2.4197260272e-05,1.56223498663502,13.572359086758,1.55162826085667,13.1286922374429
130,0.22,156,85.9,0.15,2.6,0.0007046004,0.0001255938,0.32,0.585,0.672,0.83,0.239,0.098,4.9996354e-05,0.0007620378,55.4,0.52,231,0.2,5.643835618e-06,2.4197260272e-05,1.57651182298392,13.8642918721461,1.54232799930769,13.415624109589
131,0.22,156,85.9,0.15,2.6,0.0007046004,0.0001979696,0.32,0.585,0.672,0.83,0.239,0.098,4.9996354e-05,0.0007620378,55.4,0.52,231,0.2,5.643835618e-06,2.4197260272e-05,1.66251790486506,14.3279607305936,1.62014521827654,13.9064173515982
132,0.22,156,85.9,0.15,2.6,0.0007046004,0.0001979696,0.32,0.585,0.79,0.83,0.239,0.098,4.9996354e-05,0.0007620378,55.4,0.52,231,0.2,5.643835618e-06,2.4197260272e-05,1.68224849500645,14.2925130593607,1.67285366039699,13.9422389041096
133,0.25,444,191.1,0.08,1.2,0.0008174216,0.000415097,0.374,0.695,0.672,0.515,0.205,0.077,8.4593236e-05,0.000620577,2,0.76,331.5,0.2,4.438356166e-06,2.1304109586e-05,1.82838569917438,15.1784940639269,1.81372534779693,14.8989782648402
134,0.25,444,191.1,0.08,1.2,0.0008174216,0.000415097,0.374,0.695,0.672,0.515,0.205,0.077,8.4593236e-05,0.0005262698,2,0.76,331.5,0.2,4.438356166e-06,2.1304109586e-05,1.80268224481074,15.2637352511416,1.77275928495381,14.9196832876712
135,0.25,444,191.1,0.08,1.2,0.0008174216,0.000415097,0.374,0.695,0.672,0.515,0.205,0.077,8.4593236e-05,0.0005262698,2,0.76,264.5,0.2,4.438356166e-06,2.1304109586e-05,1.7472046112041,15.0877416438356,1.70807773904312,14.6928997260274
136,0.25,444,191.1,0.08,1.2,0.0007046004,0.000415097,0.374,0.695,0.672,0.515,0.205,0.077,8.4593236e-05,0.0005262698,2,0.76,264.5,0.2,4.438356166e-06,2.1304109586e-05,1.50950944802619,13.4386447488584,1.48172304319259,12.9490821917808
137,0.25,348,191.1,0.08,1.2,0.0007046004,0.000415097,0.374,0.695,0.672,0.515,0.205,0.077,8.4593236e-05,0.0005262698,2,0.76,264.5,0.2,4.438356166e-06,2.1304109586e-05,1.49566736317456,13.2908092237443,1.47455639524462,12.8209470319635
138,0.19,348,191.1,0.08,1.2,0.0007046004,0.000415097,0.374,0.695,0.672,0.515,0.205,0.077,8.4593236e-05,0.0005262698,2,0.76,264.5,0.2,4.438356166e-06,2.1304109586e-05,1.60552940911227,13.9723230136986,1.56915317106513,13.5939024657534
139,0.19,348,191.1,0.08,1.2,0.0007046004,0.000415097,0.374,0.695,0.672,0.515,0.205,0.077,8.4593236e-05,0.0005262698,2,0.6,264.5,0.2,4.438356166e-06,2.1304109586e-05,1.55812651002397,13.6878714155251,1.53425234500913,13.2006536986301
140,0.19,348,191.1,0.08,1.2,0.0007046004,0.000415097,0.374,0.695,0.672,0.515,0.205,0.091,8.4593236e-05,0.0005262698,2,0.6,264.5,0.2,4.438356166e-06,2.1304109586e-05,1.74633293502927,14.9294652054795,1.70588240308262,14.5560701369863
141,0.19,348,191.1,0.08,1.2,0.0007046004,0.000415097,0.374,0.695,0.672,0.515,0.205,0.091,0.000107657824,0.0005262698,2,0.6,264.5,0.2,4.438356166e-06,2.1304109586e-05,1.77451226076577,15.0493471232877,1.74696428701625,14.7007629223744
142,0.19,348,191.1,0.08,0.5,0.0007046004,0.000415097,0.374,0.695,0.672,0.515,0.205,0.091,0.000107657824,0.0005262698,2,0.6,264.5,0.2,4.438356166e-06,2.1304109586e-05,2.02900962862906,16.2756165296804,2.01393177315342,16.085257716895
143,0.19,348,191.1,0.08,0.5,0.0007046004,0.000415097,0.374,0.695,0.79,0.515,0.205,0.091,0.000107657824,0.0005262698,2,0.6,264.5,0.2,4.438356166e-06,2.1304109586e-05,2.01465827947301,16.27692,1.99743624166879,16.0763119634703
144,0.19,348,191.1,0.08,0.5,0.0007046004,0.000415097,0.266,0.695,0.79,0.515,0.205,0.091,0.000107657824,0.0005262698,2,0.6,264.5,0.2,4.438356166e-06,2.1304109586e-05,2.05081179068239,16.4653646575342,2.03185702739211,16.2714173515982
145,0.19,348,191.1,0.08,0.5,0.0007046004,0.000415097,0.266,0.695,0.79,0.515,0.205,0.091,0.000107657824,0.0005262698,2,0.6,264.5,0.2,5.041095892e-06,2.1304109586e-05,2.03167148649438,16.2344557077626,2.02585734127401,16.0465731506849
146,0.19,348,191.1,0.08,0.5,0.0007046004,0.000415097,0.266,0.585,0.79,0.515,0.205,0.091,0.000107657824,0.0005262698,2,0.6,264.5,0.2,5.041095892e-06,2.1304109586e-05,2.15179434150403,16.9507915981735,2.11918703037569,16.8675875799087
147,0.19,348,191.1,0.08,0.5,0.0007046004,0.000415097,0.266,0.585,0.79,0.515,0.205,0.091,0.000107657824,0.0005262698,37.6,0.6,264.5,0.2,5.041095892e-06,2.1304109586e-05,2.06047494553888,16.5047989041096,2.04126960009617,16.2738748858447
148,0.19,348,191.1,0.08,0.5,0.0007046004,0.000415097,0.266,0.585,0.79,0.389,0.205,0.091,0.000107657824,0.0005262698,37.6,0.6,264.5,0.2,5.041095892e-06,2.1304109586e-05,2.09210921629399,16.7039263926941,2.06916503436936,16.5196536986301
149,0.19,348,191.1,0.06,0.5,0.0007046004,0.000415097,0.266,0.585,0.79,0.389,0.205,0.091,0.000107657824,0.0005262698,37.6,0.6,264.5,0.2,5.041095892e-06,2.1304109586e-05,2.04848823637858,16.5819228310502,2.00907641058602,16.3562863926941
150,0.19,348,191.1,0.06,0.5,0.0007046004,0.000415097,0.266,0.585,0.79,0.389,0.239,0.091,0.000107657824,0.0005262698,37.6,0.6,264.5,0.2,5.041095892e-06,2.1304109586e-05,2.30951165546672,18.0040633789954,2.29093742403324,17.8659594520548
151,0.19,348,191.1,0.06,0.5,0.0007046004,0.000415097,0.266,0.585,0.79,0.389,0.239,0.091,0.000107657824,0.0005262698,37.6,0.6,264.5,0.36,5.041095892e-06,2.1304109586e-05,2.26287724700033,17.8678684931507,2.2484997770035,17.7448078538813
152,0.19,348,191.1,0.06,0.5,0.0007046004,0.0003427212,0.266,0.585,0.79,0.389,0.239,0.091,0.000107657824,0.0005262698,37.6,0.6,264.5,0.36,5.041095892e-06,2.1304109586e-05,2.16818233685162,17.1582297716895,2.15293525031037,17.0058661187215
153,0.19,348,191.1,0.06,0.5,0.0007046004,0.0003427212,0.266,0.585,0.79,0.389,0.239,0.091,0.000107657824,0.0005262698,37.6,0.6,264.5,0.36,5.041095892e-06,1.84109589e-05,2.0180999385706,16.2223774429224,1.99240684508838,16.0065346118721
154,0.19,348,243.7,0.06,0.5,0.0007046004,0.0003427212,0.266,0.585,0.79,0.389,0.239,0.091,0.000107657824,0.0005262698,37.6,0.6,264.5,0.36,5.041095892e-06,1.84109589e-05,2.01737764708284,16.21016456621,1.9940948767774,15.9558069406393
155,0.31,108,85.9,0.11,2.6,0.0008738322,0.0001979696,0.212,0.31,0.495,0.452,0.137,0.119,8.4593236e-05,0.0005262698,91,0.52,164,0.68,5.643835618e-06,3.1430136987e-05,1.91230868003509,16.1297306849315,1.90005971323009,15.8771671232877
156,0.31,108,85.9,0.11,2.6,0.0008738322,0.0001979696,0.212,0.31,0.495,0.452,0.137,0.119,8.4593236e-05,0.000620577,91,0.52,164,0.68,5.643835618e-06,3.1430136987e-05,1.89109487355367,16.0376188127854,1.87045966255435,15.7562785388128
157,0.31,204,85.9,0.11,2.6,0.0008738322,0.0001979696,0.212,0.31,0.495,0.452,0.137,0.119,8.4593236e-05,0.000620577,91,0.52,164,0.68,5.643835618e-06,3.1430136987e-05,1.9140205235002,16.11057543379,1.91047751198479,15.9309782648402
158,0.31,204,85.9,0.11,2.6,0.0008738322,0.0001979696,0.212,0.31,0.495,0.452,0.137,0.105,8.4593236e-05,0.000620577,91,0.52,164,0.68,5.643835618e-06,3.1430136987e-05,1.76631399529871,15.0905275799087,1.74979619390381,14.8428303196347
159,0.31,204,85.9,0.11,2.6,0.0008738322,0.0001979696,0.212,0.31,0.495,0.452,0.137,0.105,8.4593236e-05,0.000620577,55.4,0.52,164,0.68,5.643835618e-06,3.1430136987e-05,1.79781392120438,15.2903429223744,1.78678885476042,15.0280431050228
160,0.31,204,85.9,0.11,2.6,0.0008738322,0.0001255938,0.212,0.31,0.495,0.452,0.137,0.105,8.4593236e-05,0.000620577,55.4,0.52,164,0.68,5.643835618e-06,3.1430136987e-05,1.73818846069057,14.9177597260274,1.71387141328744,14.6561806392694
161,0.31,204,85.9,0.11,2.6,0.0008738322,0.0001255938,0.212,0.31,0.495,0.452,0.137,0.105,8.4593236e-05,0.000620577,55.4,0.52,231,0.68,5.643835618e-06,3.1430136987e-05,1.77649443108977,15.3142578082192,1.74806642998347,14.9674807305936
162,0.31,204,85.9,0.11,2.6,0.0008738322,0.0001255938,0.212,0.31,0.495,0.326,0.137,0.105,8.4593236e-05,0.000620577,55.4,0.52,231,0.68,5.643835618e-06,3.1430136987e-05,1.81089729285664,15.3242914155251,1.78257307808319,15.1134926027397
163,0.25,204,85.9,0.11,2.6,0.0008738322,0.0001255938,0.212,0.31,0.495,0.326,0.137,0.105,8.4593236e-05,0.000620577,55.4,0.52,231,0.68,5.643835618e-06,3.1430136987e-05,1.92385299663705,15.941324109589,1.92427411500105,15.757905022831
164,0.25,204,85.9,0.11,2.6,0.0008738322,0.0001255938,0.212,0.31,0.495,0.326,0.137,0.105,8.4593236e-05,0.000620577,55.4,0.52,231,0.68,5.643835618e-06,2.8536986301e-05,1.79490801348388,15.2589468493151,1.75339515081615,14.9006991780822
165,0.25,204,85.9,0.11,2.6,0.0008738322,0.0001255938,0.212,0.42,0.495,0.326,0.137,0.105,8.4593236e-05,0.000620577,55.4,0.52,231,0.68,5.643835618e-06,2.8536986301e-05,1.75387836124397,15.1054869406393,1.72512370910503,14.7435136073059
166,0.25,204,85.9,0.11,2.6,0.0008738322,0.0001255938,0.32,0.42,0.495,0.326,0.137,0.105,8.4593236e-05,0.000620577,55.4,0.52,231,0.68,5.643835618e-06,2.8536986301e-05,1.76301597142833,14.9861333333333,1.74933355354327,14.7249033789954
167,0.25,204,85.9,0.11,2.6,0.000761011,0.0001255938,0.32,0.42,0.495,0.326,0.137,0.105,8.4593236e-05,0.000620577,55.4,0.52,231,0.68,5.643835618e-06,2.8536986301e-05,1.57105839187166,13.7803521461187,1.551332641801,13.454902283105
168,0.25,204,85.9,0.11,2.6,0.000761011,0.0001255938,0.32,0.42,0.377,0.326,0.137,0.105,8.4593236e-05,0.000620577,55.4,0.52,231,0.68,5.643835618e-06,2.8536986301e-05,1.57562785961015,13.73077543379,1.55058448857916,13.3851026484018
169,0.25,204,138.5,0.11,2.6,0.000761011,0.0001255938,0.32,0.42,0.377,0.326,0.137,0.105,8.4593236e-05,0.000620577,55.4,0.52,231,0.68,5.643835618e-06,2.8536986301e-05,1.59955892538678,13.94286456621,1.60264093686487,13.6656180821918
170,0.25,204,138.5,0.11,2.6,0.000761011,0.0001255938,0.32,0.42,0.377,0.326,0.137,0.105,8.4593236e-05,0.000620577,55.4,0.52,231,0.84,5.643835618e-06,2.8536986301e-05,1.56162767891098,13.8201847488584,1.55606973572415,13.4492832876712
171,0.25,204,138.5,0.09,2.6,0.000761011,0.0001255938,0.32,0.42,0.377,0.326,0.137,0.105,8.4593236e-05,0.000620577,55.4,0.52,231,0.84,5.643835618e-06,2.8536986301e-05,1.54060011065711,13.631645022831,1.52986819956971,13.277416803653
172,0.25,204,138.5,0.09,2.6,0.000761011,0.0001255938,0.32,0.42,0.377,0.326,0.137,0.105,8.4593236e-05,0.000620577,55.4,0.52,231,0.84,5.041095892e-06,2.8536986301e-05,1.55481715582773,13.7427131506849,1.53120580099402,13.4125214611872
173,0.25,204,138.5,0.09,3.3,0.000761011,0.0001255938,0.32,0.42,0.377,0.326,0.137,0.105,8.4593236e-05,0.000620577,55.4,0.52,231,0.84,5.041095892e-06,2.8536986301e-05,1.53075544644451,13.3498684018265,1.5283654054907,13.0656133333333
174,0.25,204,138.5,0.09,3.3,0.000761011,0.0001255938,0.32,0.42,0.377,0.326,0.137,0.105,6.1528648e-05,0.000620577,55.4,0.52,231,0.84,5.041095892e-06,2.8536986301e-05,1.53838622969766,13.5754551598174,1.52936880688108,13.268465022831
175,0.25,204,138.5,0.09,3.3,0.000761011,0.0001255938,0.32,0.42,0.377,0.326,0.171,0.105,6.1528648e-05,0.000620577,55.4,0.52,231,0.84,5.041095892e-06,2.8536986301e-05,1.65203143474022,14.4134261187215,1.62970184889248,14.0615174429224
176,0.25,204,138.5,0.09,3.3,0.000761011,0.0001255938,0.32,0.42,0.377,0.326,0.171,0.105,6.1528648e-05,0.000620577,55.4,0.68,231,0.84,5.041095892e-06,2.8536986301e-05,1.68528108948183,14.4774205479452,1.67558878153,14.1244982648402
177,0.31,204,59.6,0.14,2.6,0.0008738322,0.000415097,0.158,0.53,0.79,0.263,0.222,0.119,9.612553e-05,0.0004791162,37.6,0.28,331.5,0.76,6.246575344e-06,2.8536986301e-05,2.7959128327976,20.9853884018265,2.72452946652911,21.069443652968
178,0.31,204,59.6,0.14,2.6,0.0008738322,0.000415097,0.158,0.53,0.79,0.263,0.222,0.119,9.612553e-05,0.0004791162,37.6,0.28,331.5,0.76,6.246575344e-06,2.5643835615e-05,2.65869139329801,20.1186037442922,2.65321821566101,20.0941210958904
179,0.31,204,59.6,0.14,2.6,0.0008738322,0.000415097,0.158,0.53,0.79,0.389,0.222,0.119,9.612553e-05,0.0004791162,37.6,0.28,331.5,0.76,6.246575344e-06,2.5643835615e-05,2.60218005246564,19.9067655707763,2.58246897021114,19.830341369863
180,0.31,204,59.6,0.14,2.6,0.0008738322,0.000415097,0.158,0.53,0.79,0.389,0.256,0.119,9.612553e-05,0.0004791162,37.6,0.28,331.5,0.76,6.246575344e-06,2.5643835615e-05,2.78845560399278,20.9623821917808,2.77793758871259,20.958138630137
181,0.31,204,59.6,0.14,2.6,0.0008738322,0.000415097,0.158,0.53,0.79,0.389,0.256,0.119,9.612553e-05,0.0004791162,37.6,0.28,331.5,0.76,5.643835618e-06,2.5643835615e-05,2.79947227875639,20.8904121461187,2.7858156144968,20.9587106849315
182,0.31,204,59.6,0.14,2.6,0.000761011,0.000415097,0.158,0.53,0.79,0.389,0.256,0.119,9.612553e-05,0.0004791162,37.6,0.28,331.5,0.76,5.643835618e-06,2.5643835615e-05,2.39532504939526,18.7162937899543,2.39415184872378,18.5845589041096
183,0.31,204,59.6,0.14,2.6,0.000761011,0.000415097,0.158,0.53,0.79,0.389,0.256,0.119,9.612553e-05,0.0004791162,73.2,0.28,331.5,0.76,5.643835618e-06,2.5643835615e-05,2.33304899637091,18.4991931506849,2.32801009833047,18.3536
184,0.31,204,59.6,0.12,2.6,0.000761011,0.000415097,0.158,0.53,0.79,0.389,0.256,0.119,9.612553e-05,0.0004791162,73.2,0.28,331.5,0.76,5.643835618e-06,2.5643835615e-05,2.31117922645929,18.4091077625571,2.27620728549599,18.2156116894977
185,0.31,204,59.6,0.12,2.6,0.000761011,0.000415097,0.158,0.42,0.79,0.389,0.256,0.119,9.612553e-05,0.0004791162,73.2,0.28,331.5,0.76,5.643835618e-06,2.5643835615e-05,2.38770082017304,18.6133565296804,2.37975308567313,18.535839086758
186,0.31,204,59.6,0.12,2.6,0.000761011,0.000415097,0.158,0.42,0.79,0.389,0.256,0.119,9.612553e-05,0.0004791162,73.2,0.44,331.5,0.76,5.643835618e-06,2.5643835615e-05,2.3722516561703,18.6542775342466,2.35815848909409,18.5261052054795
187,0.31,204,59.6,0.12,2.6,0.000761011,0.000415097,0.158,0.42,0.79,0.389,0.256,0.119,9.612553e-05,0.0005734234,73.2,0.44,331.5,0.76,5.643835618e-06,2.5643835615e-05,2.40084631797209,18.7503192694064,2.384274226506,18.6857753424658
188,0.31,204,59.6,0.12,2.6,0.000761011,0.000415097,0.266,0.42,0.79,0.389,0.256,0.119,9.612553e-05,0.0005734234,73.2,0.44,331.5,0.76,5.643835618e-06,2.5643835615e-05,2.41363625997123,18.8683429223744,2.39136588035113,18.7838281278539
189,0.31,204,59.6,0.12,2.6,0.000761011,0.000415097,0.266,0.42,0.79,0.389,0.256,0.133,9.612553e-05,0.0005734234,73.2,0.44,331.5,0.76,5.643835618e-06,2.5643835615e-05,2.70334360469435,20.3113228310502,2.6959465952484,20.3970228310502
190,0.25,204,59.6,0.12,2.6,0.000761011,0.000415097,0.266,0.42,0.79,0.389,0.256,0.133,9.612553e-05,0.0005734234,73.2,0.44,331.5,0.76,5.643835618e-06,2.5643835615e-05,2.81799286762556,21.1284117808219,2.80969806623698,21.1502401826484
191,0.25,204,59.6,0.12,2.6,0.000761011,0.000415097,0.266,0.42,0.79,0.389,0.256,0.133,9.612553e-05,0.0005734234,73.2,0.44,264.5,0.76,5.643835618e-06,2.5643835615e-05,2.74841704451369,20.7801202739726,2.71992649024639,20.7940905936073
192,0.25,204,112.2,0.12,2.6,0.000761011,0.000415097,0.266,0.42,0.79,0.389,0.256,0.133,9.612553e-05,0.0005734234,73.2,0.44,264.5,0.76,5.643835618e-06,2.5643835615e-05,2.79262994961956,21.1130189041096,2.7724764271876,21.1018098630137
193,0.25,204,112.2,0.12,2.6,0.000761011,0.0003427212,0.266,0.42,0.79,0.389,0.256,0.133,9.612553e-05,0.0005734234,73.2,0.44,264.5,0.76,5.643835618e-06,2.5643835615e-05,2.65125770770636,20.3492873972603,2.62568136025586,20.343580456621
194,0.25,204,112.2,0.12,3.3,0.000761011,0.0003427212,0.266,0.42,0.79,0.389,0.256,0.133,9.612553e-05,0.0005734234,73.2,0.44,264.5,0.76,5.643835618e-06,2.5643835615e-05,2.62545235375158,20.1851601826484,2.60826570790729,20.1836885844749
195,0.25,204,112.2,0.12,3.3,0.000761011,0.0003427212,0.266,0.42,0.79,0.389,0.256,0.133,0.000119190118,0.0005734234,73.2,0.44,264.5,0.76,5.643835618e-06,2.5643835615e-05,2.61315592423936,20.0901446575342,2.56083116847756,20.046418630137
196,0.25,204,112.2,0.12,3.3,0.000761011,0.0003427212,0.266,0.42,0.79,0.389,0.256,0.133,0.000119190118,0.0005734234,73.2,0.44,264.5,0.6,5.643835618e-06,2.5643835615e-05,2.65196549346989,20.2911215525114,2.61687795895865,20.2482978995434
197,0.25,108,112.2,0.12,3.3,0.000761011,0.0003427212,0.266,0.42,0.79,0.389,0.256,0.133,0.000119190118,0.0005734234,73.2,0.44,264.5,0.6,5.643835618e-06,2.5643835615e-05,2.66087031876341,20.2862270319635,2.62553680438821,20.1971727853881
198,0.25,108,112.2,0.12,3.3,0.000761011,0.0003427212,0.266,0.42,0.672,0.389,0.256,0.133,0.000119190118,0.0005734234,73.2,0.44,264.5,0.6,5.643835618e-06,2.5643835615e-05,2.69678789450388,20.3240212785388,2.69008022741585,20.4319289497717
199,0.19,492,85.9,0.08,1.9,0.0008738322,0.0001617817,0.536,0.365,0.495,0.389,0.154,0.105,4.9996354e-05,0.000620577,73.2,0.84,63.5,0.36,5.342465755e-06,2.7090410958e-05,1.88517443044585,16.1133185388128,1.86477742705269,15.7899388127854
200,0.19,492,85.9,0.08,1.9,0.000761011,0.0001617817,0.536,0.365,0.495,0.389,0.154,0.105,4.9996354e-05,0.000620577,73.2,0.84,63.5,0.36,5.342465755e-06,2.7090410958e-05,1.66942367649726,14.66968,1.63219946782624,14.2981351598173
201,0.19,492,85.9,0.08,1.9,0.000761011,0.0001617817,0.536,0.365,0.495,0.389,0.154,0.105,4.9996354e-05,0.000620577,37.6,0.84,63.5,0.36,5.342465755e-06,2.7090410958e-05,1.66930003228144,14.7405529680365,1.62286093816418,14.3889373515982
202,0.19,492,85.9,0.08,2.6,0.000761011,0.0001617817,0.536,0.365,0.495,0.389,0.154,0.105,4.9996354e-05,0.000620577,37.6,0.84,63.5,0.36,5.342465755e-06,2.7090410958e-05,1.62822228488298,14.4259283105023,1.61794784677406,14.0408679452055
203,0.19,492,85.9,0.08,2.6,0.000761011,0.0001617817,0.536,0.365,0.495,0.389,0.154,0.105,4.9996354e-05,0.000620577,37.6,0.68,63.5,0.36,5.342465755e-06,2.7090410958e-05,1.6216064417387,14.2733001826484,1.62046579219254,13.9304787214612
204,0.13,492,85.9,0.08,2.6,0.000761011,0.0001617817,0.536,0.365,0.495,0.389,0.154,0.105,4.9996354e-05,0.000620577,37.6,0.68,63.5,0.36,5.342465755e-06,2.7090410958e-05,1.70242169386493,14.8149865753425,1.67654307092939,14.4330776255708
205,0.13,492,85.9,0.08,2.6,0.000761011,0.0001617817,0.536,0.365,0.377,0.389,0.154,0.105,4.9996354e-05,0.000620577,37.6,0.68,63.5,0.36,5.342465755e-06,2.7090410958e-05,1.68314655158808,14.7652323287671,1.64773329407961,14.3647740639269
206,0.13,492,85.9,0.08,2.6,0.000761011,0.0001617817,0.428,0.365,0.377,0.389,0.154,0.105,4.9996354e-05,0.000620577,37.6,0.68,63.5,0.36,5.342465755e-06,2.7090410958e-05,1.71079000689218,14.8466583561644,1.68222264331079,14.4763061187215
207,0.13,492,138.5,0.08,2.6,0.000761011,0.0001617817,0.428,0.365,0.377,0.389,0.154,0.105,4.9996354e-05,0.000620577,37.6,0.68,63.5,0.36,5.342465755e-06,2.7090410958e-05,1.74688648999417,14.9750442922374,1.72456049320137,14.7429097716895
208,0.13,492,138.5,0.08,2.6,0.000761011,0.0001617817,0.428,0.365,0.377,0.389,0.154,0.105,4.9996354e-05,0.000620577,37.6,0.68,130.5,0.36,5.342465755e-06,2.7090410958e-05,1.78633270581286,15.371416347032,1.77210390121838,15.0437311415525
209,0.13,492,138.5,0.1,2.6,0.000761011,0.0001617817,0.428,0.365,0.377,0.389,0.154,0.105,4.9996354e-05,0.000620577,37.6,0.68,130.5,0.36,5.342465755e-06,2.7090410958e-05,1.78290099800402,15.3037908675799,1.74376080316272,14.9627309589041
210,0.13,492,138.5,0.1,2.6,0.000761011,0.0001617817,0.428,0.365,0.377,0.389,0.154,0.105,4.9996354e-05,0.000620577,37.6,0.68,130.5,0.2,5.342465755e-06,2.7090410958e-05,1.80315244953245,15.4356322374429,1.78082435172178,15.1205660273973
211,0.13,492,138.5,0.1,2.6,0.000761011,0.0002341575,0.428,0.365,0.377,0.389,0.154,0.105,4.9996354e-05,0.000620577,37.6,0.68,130.5,0.2,5.342465755e-06,2.7090410958e-05,1.88094917323292,15.9629071232877,1.84043196246547,15.6428761643836
212,0.13,492,138.5,0.1,2.6,0.000761011,0.0002341575,0.428,0.365,0.377,0.389,0.188,0.105,4.9996354e-05,0.000620577,37.6,0.68,130.5,0.2,5.342465755e-06,2.7090410958e-05,2.08620488264676,17.0418252968037,2.06979264103982,16.8265444748858
213,0.13,492,138.5,0.1,2.6,0.000761011,0.0002341575,0.428,0.365,0.377,0.389,0.188,0.105,4.9996354e-05,0.0005262698,37.6,0.68,130.5,0.2,5.342465755e-06,2.7090410958e-05,2.1186470372251,17.315242739726,2.09734825608502,17.1157775342466
214,0.13,492,138.5,0.1,2.6,0.000761011,0.0002341575,0.428,0.365,0.377,0.389,0.188,0.091,4.9996354e-05,0.0005262698,37.6,0.68,130.5,0.2,5.342465755e-06,2.7090410958e-05,1.9200500226348,16.1108513242009,1.91826535292156,15.8200339726027
215,0.13,492,138.5,0.1,2.6,0.000761011,0.0002341575,0.428,0.365,0.377,0.263,0.188,0.091,4.9996354e-05,0.0005262698,37.6,0.68,130.5,0.2,5.342465755e-06,2.7090410958e-05,1.92235080607735,16.1170978995434,1.89534494929934,15.8314091324201
216,0.13,492,138.5,0.1,2.6,0.000761011,0.0002341575,0.428,0.365,0.377,0.263,0.188,0.091,7.3060942e-05,0.0005262698,37.6,0.68,130.5,0.2,5.342465755e-06,2.7090410958e-05,1.91642970516944,16.0714298630137,1.89842166964976,15.7371536073059
217,0.13,492,138.5,0.1,2.6,0.000761011,0.0002341575,0.428,0.365,0.377,0.263,0.188,0.091,7.3060942e-05,0.0005262698,37.6,0.68,130.5,0.2,4.739726029e-06,2.7090410958e-05,1.92361815955378,15.9835917808219,1.93475378118912,15.7299671232877
218,0.13,492,138.5,0.1,2.6,0.000761011,0.0002341575,0.428,0.255,0.377,0.263,0.188,0.091,7.3060942e-05,0.0005262698,37.6,0.68,130.5,0.2,4.739726029e-06,2.7090410958e-05,1.94785683633974,16.411761826484,1.90053888792154,16.0951621917808
219,0.13,492,138.5,0.1,2.6,0.000761011,0.0002341575,0.428,0.255,0.377,0.263,0.188,0.091,7.3060942e-05,0.0005262698,37.6,0.68,130.5,0.2,4.739726029e-06,2.4197260272e-05,1.78631264029745,15.2519465753425,1.76834378989671,14.8542653881279
220,0.13,396,138.5,0.1,2.6,0.000761011,0.0002341575,0.428,0.255,0.377,0.263,0.188,0.091,7.3060942e-05,0.0005262698,37.6,0.68,130.5,0.2,4.739726029e-06,2.4197260272e-05,1.79955454269201,15.3869811872146,1.77908563964811,15.0133559817352
