"draw","r","P0","gamma_PrEP","beta_PrEP","prep_cov_per_funding","irr_mean","irr_ci_lower","irr_ci_upper"
1,0.231913619907573,0.336569372434169,0.0780550215112282,1.22887287828999,0.768086380092427,1.47703047930588,1.38691108039334,1.57601246111792
2,0.305800580885261,0.356162772271782,0.108914782650416,1.28486898916524,0.694199419114739,1.46687046378854,1.38046707610951,1.55910048536814
3,0.254116930707823,0.136412596777081,0.0346647504028759,3.12224077283742,0.745883069292177,1.47398810115989,1.38459408113973,1.5715174006491
4,0.190716410055757,0.267489444371313,0.0510146265583058,1.46752069227913,0.809283589944243,1.48265742556101,1.39016524498333,1.58507014626208
5,0.243795161310118,0.23954962676391,0.0584010398986859,1.75370550770181,0.756204838689882,1.47540340926897,1.38565778481892,1.57382196315138
6,0.247784913750365,0.216025942917913,0.0535279696337565,1.954986071995,0.752215086249635,1.47485655024767,1.38524050680333,1.57304833614797
7,0.29898048035102,0.143034797552973,0.0427646124792987,3.16825259935966,0.70101951964898,1.46781301887858,1.38098979231243,1.56085564746477
8,0.351098477200139,0.196818354539573,0.0691026245638813,2.48740914340314,0.648901522799861,1.46057942381446,1.37599162934231,1.54692250114114
9,0.255579760763794,0.311683246828616,0.0796599296585402,1.36917822903583,0.744420239236206,1.47378737295127,1.38449504842531,1.57112746034482
10,0.374148674251046,0.243762411475182,0.0912033830856772,2.08234988025001,0.625851325748954,1.45735581619063,1.37369604629939,1.5407520354202
11,0.347706860047765,0.325607740469277,0.11321604504582,1.49573303167322,0.652293139952235,1.46105244479308,1.37637281572213,1.54774489255082
12,0.281225928978529,0.166011354401708,0.046686697362604,2.66232715333794,0.718774071021471,1.47026173898725,1.38249421552796,1.56506654083894
13,0.285860733420122,0.230170901622623,0.0657968227498139,1.93267257633584,0.714139266579878,1.46962317334049,1.38218454036944,1.56394093283974
14,0.24694589280989,0.347980678025633,0.0859323992156309,1.21230055751779,0.75305410719011,1.47497157306477,1.38532817166215,1.57326880867253
15,0.27703285694588,0.273281075600535,0.0757078371228591,1.60791652222595,0.72296714305412,1.47083905503311,1.38286566120881,1.56608232792212
16,0.176390121807344,0.282518074829131,0.0498333976318869,1.36528661158314,0.823609878192656,1.4846099020006,1.39142239794038,1.58789460565996
17,0.142204583389685,0.236446972489357,0.0336238432166012,1.56629707685225,0.857795416610315,1.48926247113425,1.39431294454947,1.59443723032278
18,0.353196429146919,0.350836244635284,0.123914108820497,1.39995718512553,0.646803570853081,1.46028665945146,1.37575699423537,1.54648105320879
19,0.344593096000608,0.345620366111398,0.11909839199919,1.40243027522169,0.655406903999392,1.4614864196444,1.37672643373529,1.54859528004151
20,0.216498544730712,0.342506506070495,0.0741521601250628,1.18381266894981,0.783501455269288,1.47913839939616,1.3880567268984,1.57950617756741
21,0.305635547440033,0.223137136269361,0.0681986407978874,2.05037020355237,0.694364452559967,1.46689328503249,1.38048801218352,1.55914059783467
22,0.353632988757454,0.135988115742803,0.0480898838056219,3.61419413674877,0.646367011242546,1.46022572242612,1.37570821345335,1.54636289087672
23,0.272843307000585,0.257113240677863,0.0701516268601855,1.699179141702,0.727156692999415,1.47141552696348,1.38323363396872,1.5670730743362
24,0.339839683962055,0.234972251337022,0.0798528956342259,2.04797959003009,0.660160316037946,1.46214837652465,1.3771102486067,1.54988726579078
25,0.174065583269112,0.345360598862171,0.0601153940791136,1.11371293599678,0.825934416730888,1.48492653578827,1.39158033927237,1.58842679021463
26,0.169976407778449,0.268424448631704,0.0456258235383279,1.42586730220979,0.830023592221551,1.48548343137639,1.39214540903321,1.58947446434972
27,0.14495599543443,0.331464789155871,0.0480478084635525,1.12089710970008,0.85504400456557,1.48888829289354,1.3941301701295,1.5939914901595
28,0.226169693865813,0.170445598997176,0.0385496289459664,2.40857453320675,0.773830306134187,1.47781630760244,1.38735931566644,1.57734301092233
29,0.14735628379276,0.169513353444636,0.0249788578168502,2.1979616223663,0.85264371620724,1.48856182955997,1.39397132478819,1.59360079000035
30,0.240118361369241,0.187913915477693,0.0451215814629817,2.2247782185927,0.759881638630759,1.47590714640056,1.38604325123846,1.5744420286274
31,0.165137167088687,0.226711151003838,0.0374384372241894,1.67843144505123,0.834862832911313,1.48614230971583,1.39282051351169,1.59022508633094
32,0.233008629875258,0.305659252144396,0.0712212435508617,1.35507581046184,0.766991370124742,1.47688061682024,1.38679442916383,1.57574015763344
33,0.290968774002977,0.212913193143904,0.0619510907781408,2.10437765187079,0.709031225997023,1.46891886785677,1.38178092280081,1.56270029781239
34,0.195344084990211,0.286028257012367,0.0558739281474257,1.38029676028541,0.804655915009789,1.48202632289061,1.38981198550828,1.5841387050931
35,0.204262308659963,0.301555150933564,0.0615963513179934,1.32389924856637,0.795737691340037,1.4808094635873,1.38898620001697,1.58246487960252
36,0.181352897838224,0.266894975770265,0.0484021772744,1.45396679746383,0.818647102161776,1.48393375207058,1.39109871916775,1.58680803547541
37,0.168761478562374,0.354683447498828,0.0598569030215023,1.07751924122414,0.831238521437626,1.48564886460349,1.3923563615999,1.58972748236184
38,0.248908116889652,0.323474073037505,0.0805153223823911,1.30755230524254,0.751091883110348,1.47470255011084,1.38512322109763,1.5727531530149
39,0.22212095541181,0.355447701662779,0.0789523830922686,1.14895715464683,0.77787904458819,1.47836994065456,1.38763057234835,1.57814999018765
40,0.160581994103268,0.270911045204848,0.043503435863595,1.39696853336699,0.839418005896732,1.48676235429732,1.39311080690734,1.59128146386715
41,0.359222235914785,0.317448571063578,0.114034585485412,1.56174745603157,0.640777764085215,1.45944505842897,1.37508502813022,1.54484215694316
42,0.292418124270625,0.334512188863009,0.0978174268129823,1.34215591315366,0.707581875729375,1.46871892356051,1.38161737413747,1.56246767922792
43,0.241600088193081,0.18654037842527,0.0450681718791161,2.24553841530917,0.758399911806919,1.47570416929974,1.3858878046431,1.57423572086159
44,0.148036872560624,0.251421459876001,0.0372196466146696,1.48309330187772,0.851963127439376,1.48846925639358,1.39392638514957,1.5934704084537
45,0.335355929040816,0.182178188357502,0.0610945356076029,2.6236512302294,0.664644070959184,1.46277218822155,1.37741151069885,1.5511108134074
46,0.21302851405926,0.314313138015568,0.0669576607407598,1.28431065282215,0.78697148594074,1.47961247409163,1.38833139246933,1.58036323758185
47,0.178413089015521,0.281524853110313,0.0502277186780518,1.37347691434967,0.821586910984479,1.48433430971102,1.39129061297419,1.58738452742144
48,0.277234972047154,0.230436067935079,0.0638849368526378,1.90740988928315,0.722765027952846,1.47081123548488,1.38284306923324,1.56603398906882
49,0.236972660699394,0.144473944343626,0.0342363749928453,2.88178772780326,0.763027339300607,1.4763379529813,1.38637373878362,1.57483624706667
50,0.151957287045661,0.351823711115867,0.0534621766595036,1.06475278415759,0.848042712954339,1.48793594941429,1.39366835526451,1.59295460417226
51,0.321038483816665,0.195570555813611,0.0627856747175839,2.39245064555357,0.678961516183335,1.46476038742517,1.37888494005227,1.555012930822
52,0.185269287845585,0.34488300383091,0.063896228509799,1.13059155234227,0.814730712154415,1.48340001353934,1.3906829816448,1.58624403485066
53,0.150323852722067,0.129127083420753,0.0194108806705715,2.89548185714453,0.849676147277933,1.48815816245121,1.39377569167929,1.59316964161346
54,0.341649564448744,0.21369760690257,0.0730096943220018,2.258056635221,0.658350435551256,1.46189641052762,1.37698890013785,1.54939302428179
55,0.287798697012477,0.266095279399306,0.076581874692291,1.67629975826287,0.712201302987523,1.46935603103426,1.38205738007877,1.56347025556845
56,0.300204865750857,0.350048930626363,0.105086392224918,1.29685655843967,0.699795134249143,1.46764388726042,1.38090691403211,1.56052801672378
57,0.304455743811559,0.128628983739764,0.0391618329202146,3.55081470224408,0.695544256188441,1.46705641200153,1.38062720914827,1.55942735402408
58,0.28257952228887,0.134882218446583,0.0381149528538983,3.28294152523785,0.71742047771113,1.47007529334998,1.38240371392372,1.56473781492494
59,0.191938544390723,0.285255617816001,0.0547515480628797,1.37820245359742,0.808061455609277,1.48249077683664,1.39003477273531,1.5847857494193
60,0.142413739406038,0.267934933695942,0.038157615825148,1.38256150538139,0.857586260593962,1.48923402849324,1.39429902399289,1.59439045125252
61,0.279887040262111,0.352227366920561,0.0985838752267121,1.25247161824041,0.72011295973789,1.47044612130755,1.3825837838296,1.5653916901782
62,0.349823615397327,0.189859637450427,0.066417384790934,2.57352136447352,0.650176384602673,1.46075726514667,1.37613438144417,1.54718015962919
63,0.191147475037724,0.35692217823118,0.0682247731538544,1.10039532365334,0.808852524962276,1.48259864774974,1.39009414220072,1.58496986542271
64,0.298910569690634,0.314451780170202,0.093992960750909,1.44100052488143,0.701089430309366,1.46782267499008,1.38099918223785,1.56087434817476
65,0.147722068824805,0.346085635330528,0.0511244860415727,1.07702751790789,0.852277931175195,1.48851207610554,1.39394716632968,1.59351178154411
66,0.271482422424015,0.128475837986916,0.0348789317196433,3.39414289603526,0.728517577575985,1.47160270578046,1.38332274771164,1.56723528714909
67,0.245118504681159,0.259588765762746,0.063630010095792,1.62116397104432,0.754881495318841,1.4752220527798,1.38551926465715,1.57365991981095
68,0.166985351708718,0.344620998669416,0.0575466586690219,1.10661675473157,0.833014648291282,1.4858906941598,1.39263336539339,1.5899555807718
69,0.362155780312605,0.256351865697652,0.0928393099563254,1.94285553826525,0.637844219687395,1.45903495945133,1.37479299515967,1.54404011543868
70,0.303943737584632,0.237452067285776,0.0721720688280363,1.92207936509129,0.696056262415368,1.46712719467169,1.38066045024945,1.55955179773633
71,0.280615880328696,0.216339028179646,0.0607081668420859,2.04124857864084,0.719384119671304,1.47034575524222,1.38253502009354,1.56521469190015
72,0.26175625633914,0.124790085721761,0.0326645856667686,3.44835332571665,0.73824374366086,1.47293941964434,1.38396121334276,1.5694803772522
73,0.344393733539619,0.276314175277948,0.0951608704538932,1.75365983417465,0.655606266460381,1.46151419582333,1.37674910340208,1.54864946265414
74,0.141280255804304,0.175467743463814,0.0247901276819717,2.1083508180664,0.858719744195696,1.48938816532128,1.39437451706904,1.59464383485883
75,0.370442469255067,0.346072422433644,0.128199922707402,1.45810634612955,0.629557530744933,1.45787516748411,1.37412808780131,1.54176972170728
76,0.279919952212367,0.136551503296942,0.0382234902774068,3.23083183258091,0.720080047787633,1.47044158935473,1.38258158149231,1.56538369756966
77,0.322959999437444,0.238254449944943,0.0769466570201874,1.96941058294765,0.677040000562556,1.4644938785159,1.37866270334129,1.55448965880768
78,0.359453557757661,0.178098262902349,0.0640180542307086,2.78471856071311,0.640546442242339,1.45941272953774,1.3750624087485,1.54477894518108
79,0.358830285375006,0.317926869895309,0.114081789452916,1.55844464731991,0.641169714624994,1.45949983278414,1.37512864684856,1.54494924989827
80,0.310606596292928,0.282934503760189,0.0878813231867808,1.62869056307638,0.689393403707072,1.46620558214385,1.37996129835917,1.5578515531978
81,0.175901758659165,0.179196657668799,0.0315210072297862,2.15120958366213,0.824098241340835,1.48467642740641,1.39145515402714,1.58800034999845
82,0.26894494908629,0.338781099747866,0.0911134656230872,1.28269192549354,0.73105505091371,1.4719516177665,1.38348904979352,1.56756203165734
83,0.253118879976682,0.295750659350306,0.0748600756471147,1.43818386991457,0.746881120023318,1.47412503136389,1.38468426227093,1.57178341386801
84,0.128262626298238,0.190012650769204,0.0243715216175479,1.91788884877187,0.871737373701762,1.49115786749089,1.3954898739192,1.59732443684613
85,0.291367743047886,0.301965180952102,0.0879829132530603,1.48461495391174,0.708632256952114,1.46886383300636,1.38173590670938,1.56260339178023
86,0.357647969154641,0.287760268282145,0.102916875554504,1.71865096074076,0.642352030845359,1.45966503220288,1.37526029864104,1.54527219789816
87,0.181132626079489,0.341925081498921,0.0619337879343427,1.13461126042004,0.818867373920511,1.48396376735898,1.39111441980358,1.58683771615288
88,0.137223840225488,0.22989104770124,0.0315465323990249,1.60166402390253,0.862776159774512,1.48993971840101,1.39473002674338,1.59554529473158
89,0.358146318583749,0.210749018266797,0.0754789850373927,2.34849705373538,0.641853681416251,1.45959540516736,1.37520479314057,1.54513609225103
90,0.286472938605584,0.275829845387489,0.0790177863632778,1.61413521139405,0.713527061394416,1.46953879157444,1.38214426744456,1.56379224692204
91,0.151243314321619,0.233858945891261,0.0353696020603544,1.60049536346181,0.848756685678381,1.48803308059325,1.39371524219247,1.59304861976561
92,0.276736099971458,0.320289036724716,0.0886355388868132,1.37136403060159,0.723263900028542,1.47087989977334,1.38289883032131,1.56615330157446
93,0.167003082577139,0.262942501734942,0.0439122083302801,1.45039879899636,0.832996917422861,1.48588828012166,1.3926314856966,1.58995330480698
94,0.362216836132575,0.318071696776897,0.115210923669847,1.56600642712873,0.637783163867425,1.45902642141607,1.37478623311525,1.5440234130935
95,0.317872374725994,0.308033157549798,0.0979152312847006,1.51191895020483,0.682127625274006,1.46519930547271,1.37913219248413,1.55587485403338
96,0.364792993234005,0.17078446475789,0.0623009760968979,2.92838365007498,0.635207006765995,1.45866607380863,1.37457907608253,1.54331833251027
97,0.313397843099665,0.301673822812736,0.094543925389142,1.53372969546866,0.686602156900335,1.4658191665347,1.37961034351186,1.55709238863139
98,0.294346400653012,0.325935236178339,0.0959378636150834,1.38123871137081,0.705653599346988,1.46845283582016,1.3813997099875,1.56209295074579
99,0.336716505116783,0.226887153927237,0.0763966495262728,2.11097222221755,0.663283494883217,1.46258295560478,1.37731999853799,1.55073961199736
100,0.270488253445365,0.200389976687729,0.0542031348022212,2.17311811651795,0.729511746554635,1.47173942269939,1.38338788181591,1.56735357860409
101,0.221080977644306,0.275242206640542,0.0608508161330669,1.48178186514848,0.778919022355694,1.47851211373117,1.38771244121287,1.57837222664589
102,0.299396585382055,0.200376729927957,0.0599921087304527,2.26293501231166,0.700603414617945,1.46775554377546,1.38096092123664,1.56074432709978
103,0.186739638331346,0.252475313153118,0.0471471486658066,1.54718801140198,0.813260361668654,1.48319959318576,1.39052679282014,1.58599075221839
104,0.356385618215427,0.120817240532488,0.0430575269582525,4.08542238513598,0.643614381784573,1.45984136957889,1.3754009878595,1.54561684589232
105,0.249938885623123,0.197204242888838,0.049289008707788,2.14772519042289,0.750061114376877,1.47456120489748,1.38501565984393,1.57259444733765
106,0.163613082666416,0.192789180781692,0.0315428321724256,1.97016104388044,0.836386917333584,1.48634978276477,1.39291745602596,1.59059346869117
107,0.297976612229832,0.160905007291585,0.0479459289635629,2.81235717571479,0.702023387770168,1.467951662918,1.38106595444452,1.56112410854105
108,0.14064083667472,0.190112401340157,0.0267375671867198,1.94449332508326,0.85935916332528,1.48947511356424,1.39441716172409,1.59478663537149
109,0.149350543972105,0.257140545565635,0.0384040803575114,1.45234711640638,0.850649456027895,1.48829056386774,1.39383976557745,1.59329768744063
110,0.366637330269441,0.335693353135139,0.123077714782664,1.49415761210984,0.633362669730559,1.45840797406563,1.37445394632629,1.54281312844472
111,0.138781773683149,0.171615920159966,0.0238171617920658,2.14941774887697,0.861218226316851,1.48972789606945,1.39456713368735,1.5952012506632
112,0.229363405727781,0.166540295686573,0.0381982494095841,2.47527044887784,0.770636594272219,1.47737943282904,1.38714810488777,1.57661527596657
113,0.255038440926,0.274981565214694,0.0701308696757468,1.55079421947847,0.744961559074,1.47386165673529,1.38453168488782,1.57127176434112
114,0.255666287324857,0.253244943469763,0.0647461944807075,1.68532298597052,0.744333712675143,1.47377549867875,1.38448289481527,1.57110439353214
115,0.360591155593283,0.178180091455579,0.0642501650816841,2.78839181775101,0.639408844406717,1.4592537194443,1.37496829688063,1.54446800056542
116,0.160520029894542,0.186020006351173,0.0298599369804732,2.03433102827213,0.839479970105458,1.48677078777706,1.3931147673954,1.59129714080022
117,0.203592306002975,0.247198979090899,0.0503278101946973,1.61365057300714,0.796407693997025,1.48090091314145,1.38902046458176,1.58263640888998
118,0.18814419984119,0.198039235845208,0.0372599335652574,1.97588414673421,0.81185580015881,1.48300812149434,1.39042181315698,1.58564831559978
119,0.323908639780711,0.334512562081218,0.108351508973288,1.40466835528192,0.676091360219289,1.46436226842882,1.37855297227837,1.55423127501736
120,0.328374474775046,0.311249971501529,0.102206545915563,1.51969033997341,0.671625525224954,1.46374237243304,1.3780390952658,1.55301447574697
121,0.135193002934102,0.271607033852488,0.0367193705245421,1.3524817352983,0.864806997065898,1.49021581872248,1.39494226926603,1.59599038381417
122,0.343216583889443,0.144551548920572,0.0496124888164464,3.34615988561002,0.656783416110556,1.46167817878501,1.37688303031551,1.54896802006016
123,0.13478038838366,0.355970189664513,0.0479778004159883,1.03145819698032,0.86521961161634,1.49027191259508,1.39498537827364,1.59608068897341
124,0.275593555299565,0.148304246608168,0.0408716945887685,2.95702995532097,0.724406444700435,1.47103713944053,1.38302651561963,1.56642655506094
125,0.251675001811236,0.167806235086173,0.0422326345192493,2.52984124898638,0.748324998188764,1.47432309760481,1.38483465180321,1.57216820784296
126,0.171989250055049,0.176731580793858,0.0303959320417788,2.17090830024717,0.828010749944951,1.48520932349978,1.3917963313422,1.58895875108651
127,0.312742172449362,0.215017308946699,0.0672449803142062,2.14980218176037,0.687257827550638,1.46590995417817,1.37969262100829,1.55727074172149
128,0.335950665699784,0.187911287248135,0.0631289220435141,2.5458827774021,0.664049334300216,1.46268947707209,1.37737149857904,1.55094856181125
129,0.353186108521186,0.331982588823885,0.117251638643497,1.47943868469389,0.646813891478814,1.46028809998508,1.3757581476414,1.5464838464302
130,0.210129577724729,0.312365584317595,0.0656372483283943,1.2875751511243,0.789870422275271,1.48000841251116,1.38864507360422,1.58096238578521
131,0.288707236526534,0.272627443168312,0.0787095157184181,1.63822540120757,0.711292763473466,1.46923076339289,1.38199786528898,1.56324959131919
132,0.284568178118207,0.313330186083913,0.0891638002033377,1.41716731190549,0.715431821881794,1.46980130284979,1.38227084336488,1.56425485028236
133,0.220190469059162,0.129238473214209,0.0284570800375266,3.15218181138861,0.779809530940838,1.47863384182083,1.38781916825322,1.57860427126168
134,0.18207992205862,0.23247755985707,0.0423294959791534,1.67070475512129,0.81792007794138,1.4838346812161,1.39102157444469,1.5867091764397
135,0.308385150798131,0.243840390108526,0.0751967554742927,1.88374304898583,0.691614849201869,1.46651297591265,1.38015035981243,1.55845386624507
136,0.26979914639378,0.348558691218495,0.0940408373588831,1.2481689189206,0.73020085360622,1.47183417650712,1.38343304619589,1.56743546897244
137,0.274241968698334,0.327518420051783,0.089819296299969,1.33648483630776,0.725758031301666,1.47122311381224,1.38314210170064,1.56674979908929
138,0.186425539723132,0.341638884656131,0.063690213462428,1.14294942707803,0.813574460276868,1.48324240898849,1.39056016297927,1.58606357056763
139,0.190042748465203,0.12991924546659,0.0246902104869961,3.01895075403426,0.809957251534797,1.48274927896717,1.39027674577953,1.58522678149079
140,0.29577335139038,0.255738046579063,0.0756404991147187,1.76394003677833,0.70422664860962,1.46825587274956,1.38123858304947,1.5617128048366
141,0.301900044025388,0.354125471580774,0.106910495460747,1.2850405727188,0.698099955974612,1.46740966377449,1.38079371992119,1.56007405104896
142,0.175841813499574,0.352947219237685,0.0620628791003862,1.09212229970165,0.824158186500426,1.48468459307065,1.39145923735726,1.58800850968135
143,0.229070188710466,0.191049546785653,0.0437637557352385,2.15690374633086,0.770929811289534,1.47741954862024,1.38716738641648,1.57669003982182
144,0.172614331706427,0.353792509306222,0.0610696575566334,1.08526298032142,0.827385668293573,1.48512419368342,1.39168803480344,1.58879860197049
145,0.159310862072743,0.32622658174485,0.0519714379688163,1.15834208293782,0.840689137927257,1.48693535315309,1.39319211609617,1.59160307643068
146,0.372816218587104,0.354116385988891,0.13202033196411,1.43037784211374,0.627183781412896,1.45754257851095,1.37385136328443,1.54111807336655
147,0.194300936593208,0.136797075290233,0.0265797998521039,2.88231834106872,0.805699063406792,1.48216860186007,1.38988016729795,1.58436622040992
148,0.297390547522809,0.122785191815346,0.0365151554216591,3.6824057086081,0.702609452477191,1.46803259334302,1.38110446261962,1.56128077017629
149,0.357784897554666,0.166064762044698,0.0594154638756022,2.97874697678975,0.642215102445334,1.45964590193164,1.37524504575134,1.54523480359558
150,0.149117957684211,0.123785448353738,0.0184586332495338,3.01614811179516,0.850882042315789,1.48832220224999,1.39385508994413,1.59332827628402
151,0.222414587100502,0.210425819456577,0.0468017717497194,1.94153169384422,0.777585412899498,1.47832979630074,1.38761087790601,1.57808983122223
152,0.200528096640483,0.166124386712909,0.0333126070731071,2.39196609938911,0.799471903359517,1.48131908768444,1.38945132231457,1.58316139595081
153,0.177452440839261,0.234117000941187,0.0415446332589812,1.64967216388074,0.822547559160739,1.48446518476224,1.39135303195896,1.58762713186846
154,0.126648073201068,0.210840878169984,0.0267025909722495,1.72523204887208,0.873351926798932,1.49137729906989,1.39559691042403,1.59772705808055
155,0.132845236745197,0.127491686884314,0.0169366633271912,2.87351279278413,0.867154763254803,1.49053497941341,1.39518749856044,1.59650365015766
156,0.360844045702834,0.24107541706413,0.0869906288129187,2.06173028566592,0.639155954297166,1.45921836610178,1.37493991884376,1.54439885873035
157,0.353042227507103,0.224426668714732,0.0792320910350477,2.18796927250812,0.646957772492897,1.46030818230631,1.3757742282336,1.54652278568149
158,0.360296711907722,0.289719410017133,0.104384950805018,1.71409718326778,0.639703288092278,1.45929487952445,1.37500135620788,1.54454849505548
159,0.363155922619626,0.12861646424979,0.0467078307387065,3.8784833891162,0.636844077380374,1.45889508613253,1.37469029046612,1.54376646929111
160,0.339973333931994,0.192829504162073,0.0655568894104333,2.49606936353014,0.660026666068006,1.46212977339974,1.37710128261538,1.54985078327291
161,0.202096296939999,0.14894158154726,0.0301005420910882,2.67316135866602,0.797903703060001,1.48110508733813,1.38920106825588,1.58295283916792
162,0.149429451790638,0.225040546339005,0.0336276854701033,1.65966525475799,0.850570548209362,1.48827983007415,1.39383456773766,1.59328730895824
163,0.297629449691158,0.146688098832965,0.0436586981318975,3.08340408015837,0.702370550308842,1.46799960400121,1.3810887639789,1.56121691500311
164,0.265892714029178,0.237868660055101,0.0632475436045347,1.81926035610862,0.734107285970822,1.4723711463402,1.38368933758002,1.5683767181241
165,0.192617344378959,0.349112052563578,0.067245036455484,1.12706083487298,0.807382655621041,1.48239821013429,1.38999032089798,1.58463367147815
166,0.219919492141344,0.215409459024668,0.0473727388311465,1.89054674556895,0.780080507858656,1.47867088094678,1.38783658722295,1.57867462482739
167,0.129423386126291,0.142881764285266,0.0184922417494977,2.55392309594719,0.870576613873709,1.49100010218777,1.39541317882415,1.5970350611841
168,0.250645136169624,0.27554722700268,0.069064572233249,1.53853734035278,0.749354863830377,1.47446434923239,1.38494200222171,1.57244263371168
169,0.219791226263624,0.332048394754529,0.0729813238619657,1.22625107623071,0.780208773736376,1.4786884129385,1.38784483334402,1.57870762102983
170,0.343434462498408,0.215594006851315,0.0740424118608596,2.24427901726831,0.656565537501592,1.46164783020211,1.37685823241514,1.54890906249874
171,0.16603788244538,0.320277495123446,0.0531781970852075,1.18937517556659,0.83396211755462,1.48601968768374,1.39273379547363,1.59007716741732
172,0.369307049142662,0.14834158083424,0.0547835914830508,3.39555474311725,0.630692950857338,1.4580341957281,1.37426165945791,1.54208121912196
173,0.22789344296325,0.165255849659443,0.0376607245487077,2.48976028059253,0.77210655703675,1.47758053003744,1.38724479457404,1.57698992689191
174,0.230958432366606,0.289600617941469,0.066885704732162,1.42640324314244,0.769041567633394,1.47716119149592,1.38701289882621,1.5762498421107
175,0.192362817062531,0.232555397730321,0.0447350114305017,1.69140997288136,0.807637182937469,1.48243292009148,1.39000698610759,1.58468771174874
176,0.312161939742509,0.332936333622783,0.103930051714447,1.38721641978843,0.687838060257491,1.46599028720342,1.37976551561164,1.55742856242899
177,0.185607599385548,0.14046282319352,0.026070967415866,2.77713192375711,0.814392400614452,1.48335390078629,1.39064704942962,1.58620027697531
178,0.260867583623622,0.139134100601077,0.0362955766234489,3.08912713067578,0.739132416376378,1.47306146550892,1.38402049058538,1.56971742380917
179,0.337877508136444,0.284876440074295,0.0962533416990837,1.68421194028956,0.662122491863556,1.46242143866461,1.37724197532283,1.550422805256
180,0.317412368371151,0.150039483569562,0.0476243878289993,3.10189891637351,0.682587631628849,1.46526305440227,1.37916381107336,1.55600005476643
181,0.302381716785021,0.274893372617662,0.0831227299449531,1.6565688578315,0.697618283214979,1.46734309838345,1.38076190948429,1.55994498475757
182,0.216926568187773,0.181660299170762,0.0394069452750776,2.23320762427085,0.783073431812227,1.47907991245986,1.38802915924637,1.57939798520072
183,0.220781545212958,0.235755948554724,0.0520505626150587,1.72929755365081,0.779218454787042,1.47855304582074,1.38775770563553,1.57845025269913
184,0.281371366058011,0.271832654345781,0.0764859252924473,1.62624312184521,0.718628633941989,1.47024170815443,1.38248448914724,1.56503122110314
185,0.350504373025615,0.171049870233983,0.0599537275224749,2.85951669197814,0.649495626974385,1.46066230636161,1.37605813776492,1.54704258814229
186,0.163524662144482,0.239442726876587,0.0391547910154473,1.5861228642258,0.836475337855518,1.48636181890122,1.39292308574385,1.59061484397504
187,0.170870212547015,0.139270093347877,0.0237971104517945,2.75113075396894,0.829129787452985,1.48536171739883,1.39199033547473,1.58924545877897
188,0.34566445107339,0.247594560608268,0.085584637881414,1.96087541522718,0.65433554892661,1.46133713335446,1.37660466886916,1.54830273054561
189,0.334205275808927,0.203050964344293,0.0678607035419529,2.34988284372364,0.665794724191073,1.46293218343092,1.37748896815472,1.55142468905613
190,0.150366021320224,0.24275328302756,0.0365018453312763,1.54026210942464,0.849633978679776,1.48815242602769,1.39377291765049,1.59316409255719
191,0.16250628628768,0.148876783624291,0.0241934132212381,2.54790413084761,0.83749371371232,1.48650044004442,1.39298797152221,1.59085972133655
192,0.185868073720485,0.144471921566874,0.0268527177683318,2.70093032632721,0.814131926279515,1.48331839672935,1.39061938225039,1.5861661183766
193,0.329632795590442,0.346814739983529,0.114321512292743,1.36641087421461,0.670367204409558,1.46356760858027,1.37789521637198,1.55267149453926
194,0.174067096435465,0.278859910257161,0.0485403348907183,1.37930644406801,0.825932903564535,1.4849263296889,1.39158023598611,1.58842640253503
195,0.351194613554981,0.308346619158983,0.108289671756524,1.58795422314855,0.648805386445019,1.46056601101421,1.37598086980605,1.54690306661833
196,0.203552295512054,0.356109919119626,0.0724869914914119,1.12008319339533,0.796447704487946,1.48090637406645,1.38902251265669,1.58264659256338
197,0.167008961958345,0.169118398334831,0.028244288153958,2.25507209302022,0.832991038041655,1.48588747964865,1.39263086240655,1.58995255011152
198,0.313275039254222,0.168577429968864,0.0528111009908716,2.74415952637088,0.686724960745778,1.46583617143823,1.37962574606823,1.55712579437755
199,0.277129276073538,0.21592373047024,0.0598387871123153,2.03531018215802,0.722870723926462,1.47082578380583,1.3828548838112,1.56605926785774
200,0.315893031307496,0.346015946567059,0.109304026241801,1.34205862578204,0.684106968692504,1.46547356930095,1.37930017120495,1.55641352387535
